metric,bucket_rank,bucket_label,min_value,max_value,tokens,avg_multiple,hit_2x,hit_5x,hit_10x
market_cap,1,"0-15,280.97",0.0,15280.968563225457,133,1.8525,0.2606,0.0704,0.0
market_cap,2,"15,281.14-16,137.22",15281.139256973876,16137.220952443797,134,2.0585,0.2676,0.0563,0.007
market_cap,3,"16,137.97-17,162.81",16137.973407540998,17162.81445253379,131,3.294,0.3028,0.1338,0.0563
market_cap,4,"17,167.89-18,590.82",17167.88512237039,18590.81598006345,131,2.8358,0.3732,0.1197,0.0493
market_cap,5,"18,609.88-20,577.61",18609.880058107603,20577.607221724746,129,1.9856,0.3028,0.0352,0.0141
market_cap,6,"20,581.29-22,843.57",20581.294532175125,22843.569318512436,131,4.0216,0.4789,0.1268,0.0563
market_cap,7,"22,844.27-25,315.17",22844.27494287125,25315.173538578583,133,3.1198,0.5,0.1408,0.0282
market_cap,8,"25,335.37-30,114.91",25335.36646588814,30114.907962179146,132,4.0503,0.5986,0.2042,0.0634
market_cap,9,"30,327.76-107,930.06",30327.762908930665,107930.06355501007,103,7.6021,0.831,0.4437,0.2113
market_cap,10,"109,316.51+",109316.5117613757,12443138.54171246,81,9.6814,0.5563,0.338,0.2254
liquidity,1,"0-11,598.3",0.0,11598.297480423935,127,1.9829,0.2887,0.0775,0.0
liquidity,2,"11,600.81-12,042.9",11600.80554199959,12042.901434765114,134,2.6867,0.3732,0.0986,0.0282
liquidity,3,"12,046.39-12,355.84",12046.387258557354,12355.837939206336,132,2.3644,0.2887,0.0986,0.0211
liquidity,4,"12,361.67-12,786.19",12361.674591438223,12786.19434284758,130,3.1966,0.3592,0.1479,0.0493
liquidity,5,"12,788.21-13,271.46",12788.206541839556,13271.459946071116,131,2.8848,0.3732,0.0986,0.0563
liquidity,6,"13,271.91-14,053.28",13271.905636075538,14053.2844527069,126,2.3451,0.3451,0.0704,0.0352
liquidity,7,"14,071.35-14,742.63",14071.345805305276,14742.63482579686,130,4.1332,0.507,0.1408,0.0493
liquidity,8,"14,748.13-15,806.44",14748.132661374777,15806.43502689959,129,3.2709,0.5141,0.1549,0.0423
liquidity,9,"15,815.4-19,926.93",15815.397697161377,19926.92563362665,117,5.4228,0.6338,0.2535,0.1127
liquidity,10,"19,982.42+",19982.424330422462,109304.31341253046,72,12.2145,0.7887,0.5282,0.3169
liq_to_mc,1,0.0037-0.2237,0.003697299126612285,0.22366094445353393,83,9.9713,0.5461,0.3262,0.227
liq_to_mc,2,0.2266-0.4259,0.2266492680508851,0.42592287569635096,110,7.6141,0.8723,0.4752,0.2199
liq_to_mc,3,0.426-0.6073,0.42600745268857976,0.6073081353751227,129,3.7661,0.5563,0.1972,0.0563
liq_to_mc,4,0.6075-0.6401,0.6074521142947988,0.6401313047073788,126,3.5247,0.5319,0.1418,0.0355
liq_to_mc,5,0.6403-0.6767,0.6402636866045749,0.6766663761542798,129,3.5971,0.493,0.0986,0.0493
liq_to_mc,6,0.6768-0.7099,0.6767681700657016,0.7098888496254551,133,2.3326,0.2979,0.0709,0.0213
liq_to_mc,7,0.7106-0.7387,0.7105540951218422,0.7386720443884413,131,2.9938,0.3404,0.1418,0.0638
liq_to_mc,8,0.7387-0.7624,0.7387323107528638,0.7624487764622265,132,2.4753,0.2606,0.0845,0.0141
liq_to_mc,9,0.7625-0.7877,0.7625244904446464,0.7877202567877906,134,2.5048,0.3404,0.0709,0.0284
liq_to_mc,10,0.7878+,0.7878246104599705,1.9807485851581712,113,1.8541,0.2324,0.0704,0.0
volume_usd,1,"5,784.89-17,669",5784.88947301031,17669.002693939226,111,3.0318,0.3944,0.1127,0.0563
volume_usd,2,"17,791.49-23,002.15",17791.49133773174,23002.1520655816,129,2.5531,0.3099,0.0915,0.0282
volume_usd,3,"23,015.77-26,957.65",23015.77490154355,26957.65357628693,134,3.1353,0.2817,0.0986,0.0563
volume_usd,4,"26,969.13-30,982.7",26969.12814163776,30982.70269138408,130,3.8567,0.3662,0.1197,0.0563
volume_usd,5,"31,005.61-35,301.14",31005.60520682854,35301.13887843996,134,2.653,0.3592,0.0915,0.0282
volume_usd,6,"35,329.38-40,010.01",35329.3775317704,40010.013569909,131,2.5805,0.4155,0.1056,0.0211
volume_usd,7,"40,013.6-46,956.43",40013.6017600681,46956.4299742197,134,3.4083,0.4507,0.1549,0.0423
volume_usd,8,"47,012.32-58,764.49",47012.31705525908,58764.4919252644,118,2.7977,0.4718,0.1338,0.0282
volume_usd,9,"58,815.09-96,139.16",58815.09208488468,96139.16166478125,118,4.2399,0.5352,0.1831,0.0634
volume_usd,10,"96,643.19+",96643.18932335232,1411019.2463973395,86,12.2454,0.8873,0.5775,0.331
vol_to_mc,1,0.0021-0.6242,0.0020884535848971855,0.6242029881076073,90,5.1548,0.4326,0.1702,0.078
vol_to_mc,2,0.629-1.01,0.6290372897421602,1.0056820346474955,92,3.7144,0.5035,0.1489,0.078
vol_to_mc,3,1.01-1.26,1.007953044320498,1.256150374698144,105,4.2897,0.4225,0.1831,0.0986
vol_to_mc,4,1.26-1.46,1.2583826948141434,1.4565280504518792,115,2.968,0.3688,0.1631,0.0709
vol_to_mc,5,1.46-1.63,1.4575878605168116,1.6312600305127916,115,3.4758,0.3521,0.169,0.0704
vol_to_mc,6,1.63-1.82,1.6326628634978622,1.8150120728726291,114,3.8971,0.4965,0.1702,0.0567
vol_to_mc,7,1.82-2.04,1.8180421983739412,2.0351954169773045,117,5.254,0.4965,0.1986,0.0993
vol_to_mc,8,2.04-2.32,2.0369248913899387,2.3210548354246225,114,4.4802,0.5282,0.169,0.0775
vol_to_mc,9,2.32-2.79,2.3222519323520716,2.7944155120496696,116,2.8403,0.3972,0.1135,0.0284
vol_to_mc,10,2.8+,2.8003401572031694,8.17381782165403,106,4.5237,0.4718,0.1901,0.0563
buys,1,10-16,10.0,16.0,118,2.598,0.4676,0.0935,0.036
buys,2,16-21,16.0,21.0,128,4.4163,0.4714,0.1786,0.1214
buys,3,21-26,21.0,26.0,123,3.9986,0.5214,0.1929,0.0857
buys,4,26-32,26.0,32.0,126,3.7659,0.4857,0.1786,0.05
buys,5,32-39,32.0,39.0,128,3.6809,0.4571,0.1643,0.0429
buys,6,40-49,40.0,49.0,125,4.5949,0.4357,0.1714,0.0929
buys,7,49-58,49.0,58.0,130,3.7317,0.35,0.1571,0.0571
buys,8,58-69,58.0,69.0,124,3.1052,0.3571,0.1571,0.0643
buys,9,69-89,69.0,89.0,120,4.8552,0.4429,0.2071,0.0857
buys,10,90+,90.0,670.0,98,5.4423,0.4714,0.1286,0.0643
holders,1,40-85,40.0,85.0,109,2.4035,0.2624,0.0709,0.0142
holders,2,85-101,85.0,101.0,125,3.8342,0.3972,0.156,0.0709
holders,3,101-116,101.0,116.0,120,2.6445,0.3028,0.0634,0.0423
holders,4,116-129,116.0,129.0,130,2.4009,0.3404,0.0922,0.0284
holders,5,129-143,129.0,143.0,132,3.62,0.4085,0.0986,0.0352
holders,6,144-160,144.0,160.0,130,2.0477,0.3475,0.0426,0.0142
holders,7,160-178,160.0,178.0,129,3.2099,0.3972,0.1631,0.0426
holders,8,178-215,178.0,215.0,125,4.014,0.4789,0.1761,0.0634
holders,9,215-292,215.0,292.0,116,4.0216,0.6383,0.2057,0.0638
holders,10,296+,296.0,2620.0,90,12.3403,0.8944,0.5986,0.338
top10_holder_pct,1,0.8441-15.84,0.8440968752837564,15.8406396320611,80,2.4943,0.3015,0.0662,0.0074
top10_holder_pct,2,15.84-19.38,15.8436325040252,19.38116097708851,82,4.7362,0.4412,0.2132,0.0956
top10_holder_pct,3,19.38-21.11,19.3843629967008,21.112315537756,100,4.5443,0.5328,0.1825,0.0949
top10_holder_pct,4,21.12-22.18,21.119292112085116,22.1807741461804,106,4.6521,0.5662,0.1985,0.0735
top10_holder_pct,5,22.18-23.21,22.18161629544609,23.2142780386786,106,4.773,0.5401,0.219,0.0803
top10_holder_pct,6,23.22-24.18,23.216164560471285,24.1790676833255,110,3.3012,0.4265,0.1544,0.0368
top10_holder_pct,7,24.2-25.37,24.198790278032,25.3726906743722,105,3.8135,0.4559,0.1838,0.1029
top10_holder_pct,8,25.37-26.66,25.3729967420133,26.6587123677944,112,3.6161,0.438,0.146,0.0584
top10_holder_pct,9,26.66-28.85,26.6625993106444,28.8540909306153,87,3.541,0.4412,0.1397,0.0588
top10_holder_pct,10,28.86+,28.8567156641005,96.6004478998255,109,5.4589,0.3504,0.1825,0.1241
bundle_pct,1,0-4.56,0.0,4.5586785324843,84,3.8768,0.4603,0.2222,0.0952
bundle_pct,2,4.56-8.39,4.5616688094956945,8.386574026629123,94,3.8407,0.5556,0.1984,0.0794
bundle_pct,3,8.39-12.01,8.3887029773005,12.0070158619296,85,6.5749,0.5476,0.2302,0.119
bundle_pct,4,12.02-15.35,12.0152748307432,15.354407688467502,96,5.2215,0.5079,0.2143,0.1032
bundle_pct,5,15.4-18.63,15.3976393976796,18.6271800227875,100,3.2654,0.3968,0.1349,0.0635
bundle_pct,6,18.65-21.48,18.64935927259857,21.4765382997233,99,4.126,0.4841,0.254,0.0714
bundle_pct,7,21.61-24.66,21.6142906441397,24.6569285695234,101,3.4286,0.3968,0.1746,0.0397
bundle_pct,8,24.69-29.44,24.6892157144405,29.4436878045484,95,3.2473,0.4603,0.0873,0.0397
bundle_pct,9,29.47-36.92,29.4741995132805,36.9243256326911,88,3.6899,0.3889,0.127,0.0714
bundle_pct,10,37.01+,37.0088336021484,85.1020617082862,90,3.3972,0.3937,0.0787,0.0394
sniper_pct,1,0-0,0.0,0.0,88,2.2313,0.3068,0.0909,0.0114
sniper_pct,2,0-0,0.0,0.0,88,3.1146,0.3977,0.1818,0.0455
sniper_pct,3,0-0,0.0,0.0,88,2.6368,0.2273,0.0795,0.0341
sniper_pct,4,0-0.0091,0.0,0.0091200023189,83,5.7816,0.4773,0.2159,0.0682
sniper_pct,5,0.0111-0.2427,0.0110515024431028,0.24269156816676346,72,4.6043,0.5227,0.2273,0.1477
sniper_pct,6,0.2457-0.7719,0.2457442206058,0.7718911116897371,75,3.8981,0.5114,0.1818,0.0795
sniper_pct,7,0.7833-1.66,0.7832533746000785,1.6575114029572,67,8.0524,0.5455,0.2045,0.125
sniper_pct,8,1.66-3.06,1.6587676252164514,3.0625964934737,67,6.7277,0.5455,0.2614,0.1932
sniper_pct,9,3.08-6.19,3.0784136515643614,6.1854242793235,65,4.0911,0.5227,0.2159,0.0682
sniper_pct,10,6.21+,6.2098550376119,38.8419392294519,68,3.0597,0.4545,0.1591,0.0909
