feature,survived_mean,failed_mean,mean_diff,abs_standardized_diff
age_minutes,32.860805017311236,14.32477160289458,18.536033414416657,0.15758091303944502
liq_to_mc,0.638627106988562,0.661080513406927,-0.02245340641836502,0.09662989293046477
sniper_hold_percent,1.6302769949996452,2.0630587297067478,-0.43278173470710257,0.09153683158537643
sniper_pct,1.6302769949996452,2.0630587297067478,-0.43278173470710257,0.09153683158537643
total_buy,71.51724137931035,67.54275092936803,3.974490449942323,0.07485212661574844
market_cap,57359.804456205435,91528.63682329685,-34168.83236709142,0.0660007922788628
chg_24h,9.588704972375691,10.958970749542962,-1.3702657771672708,0.06268557498208435
dev_hold_percent,1.8408693001291936,1.475797409308568,0.36507189082062563,0.05945350366163213
buy_volume_sol,70.4696132596685,67.45338208409507,3.016231175573438,0.05723648163661174
volume_usd,41118.21324542644,37961.76400986248,3156.4492355639595,0.04850236203177143
liquidity,13397.240713617179,13691.74271950555,-294.50200588837106,0.047213927272857545
vol_1h,41037.17909974911,37962.820853722595,3074.358246026517,0.047111088257655656
buys,45.0939226519337,43.97806215722121,1.1158604947124928,0.03846833930205431
bundle_hold_percent,21.71339372731457,22.208305595824488,-0.49491186850991653,0.03474832320924668
bundle_pct,21.71339372731457,22.208305595824488,-0.49491186850991653,0.03474832320924668
count_buy,44.32596685082873,43.504570383912245,0.8213964669164824,0.027800556388459293
vol_to_mc,1.524929454729386,1.5487947114684264,-0.023865256739040497,0.025884596249776078
holders,145.38674033149172,141.12248628884825,4.264254042643472,0.02497464217314789
first_call_market_cap,69313.88964187096,79665.14628215032,-10351.25664027936,0.02078011215462655
avg_buy_size_sol,1.6101379341754938,1.6018454964881161,0.00829243768737764,0.014617651724087428
top10_percent,24.170235547528087,24.102909137760285,0.06732640976780147,0.006390661854687307
top10_holder_pct,24.170235547528087,24.102909137760285,0.06732640976780147,0.006390661854687307
vol_24h,49725.70102358706,50656.92977901224,-931.2287554251743,0.004967709225956692
chg_1h,8.918007182320443,8.934839853747714,-0.01683267142727196,0.001106913194587114
