window_minutes,feature,group,tokens,mean,median,p25,p75
1,entry_market_cap,survived,8,19426.306713332302,19105.443913305335,16790.625718297422,21351.8066191927
1,entry_market_cap,failed,63,51777.22304474666,20375.04163864797,18079.883265124474,25393.82785219914
1,holders,survived,8,145.375,129.0,118.25,174.0
1,holders,failed,63,141.4126984126984,143.0,108.5,166.0
1,buys,survived,8,72.625,66.5,37.25,111.0
1,buys,failed,63,72.41269841269842,66.0,47.5,93.0
1,count_buy,survived,8,72.625,66.5,37.25,111.0
1,count_buy,failed,63,72.41269841269842,66.0,47.5,93.0
1,volume_usd,survived,8,36433.2317091338,34041.96182747301,23790.410007811282,44527.51676407403
1,volume_usd,failed,63,31810.283747419322,30186.44416892654,23957.3233815048,39485.00055611614
1,vol_1h,survived,8,36433.2317091338,34041.96182747301,23790.410007811282,44527.51676407403
1,vol_1h,failed,63,31810.283747419322,30186.44416892654,23957.3233815048,39485.00055611614
1,entry_liquidity,survived,8,13233.90154369636,13060.343842173435,12278.27897834656,14193.977026916067
1,entry_liquidity,failed,63,13777.948194355948,13375.537009974283,12582.178843532214,14572.953910174978
1,bundle_pct,survived,8,26.713246843524352,26.9389775331227,21.418035678081452,31.484614282175926
1,bundle_pct,failed,61,25.980064745083286,25.431367905215442,17.8048739534972,36.5762866520462
1,sniper_pct,survived,8,1.6265316408115376,1.1866135015344,0.148683124565475,2.649969898744475
1,sniper_pct,failed,60,2.2315319142808177,0.0,0.0,1.2565871536450999
1,top10_holder_pct,survived,8,21.638560871722248,22.1940271783888,19.979655026312475,24.02554491928155
1,top10_holder_pct,failed,63,23.399063103445545,23.7191339238413,21.578414971822447,26.5243421982384
1,liq_to_mc,survived,8,0.6870438402742259,0.6839130860370701,0.6651622908563455,0.7312586275253424
1,liq_to_mc,failed,63,0.6403850584373258,0.6748731820275646,0.6060987647610332,0.7200461963727612
1,vol_to_mc,survived,8,1.9060210203005563,1.6110746814269032,1.2476846541116955,2.071386162817769
1,vol_to_mc,failed,63,1.451011516105015,1.4546273963068739,1.0983530040755403,1.8213469585868123
1,avg_buy_size_sol,survived,8,1.5966369592177783,1.6176245210727969,1.4250437062937062,1.7770270270270272
1,avg_buy_size_sol,failed,63,1.5337873072084514,1.5,1.3862252663622527,1.6433333333333335
1,mc_delta_pct,survived,8,-3.462452028401805,-10.945049432103712,-14.998845422250453,0.38407498195151657
1,mc_delta_pct,failed,63,21.899756724422705,13.280700000251716,2.0669123401576956,34.31219536115756
1,holders_delta,survived,8,25.875,13.5,6.75,28.0
1,holders_delta,failed,63,38.61904761904762,33.0,18.0,57.0
1,holders_delta_pct,survived,8,24.18705300201448,13.293294240045398,6.88945420906568,18.25337331334333
1,holders_delta_pct,failed,63,39.9705642098606,36.0,19.006211180124225,49.00016126431221
1,buys_delta,survived,8,23.25,14.5,10.5,33.5
1,buys_delta,failed,63,22.142857142857142,18.0,9.0,30.0
1,buys_delta_pct,survived,8,48.04502106913762,38.67647058823529,28.16722972972973,63.292910447761194
1,buys_delta_pct,failed,63,53.066981857970006,37.5,23.61111111111111,66.72794117647058
1,volume_delta_pct,survived,8,48.14657544642364,27.895967700824926,15.05350503258148,49.03332242184327
1,volume_delta_pct,failed,63,45.903874807895086,33.563504943071706,17.520704619638394,59.495650403204785
1,liquidity_delta_pct,survived,8,-2.187400881998477,-5.6304912505967195,-7.775001713993182,0.17015924085805612
1,liquidity_delta_pct,failed,63,6.1105860307764095,5.022943893605475,0.17311620403569156,13.779359870488221
1,bundle_delta,survived,8,-8.333688808407613,-4.947228489482001,-9.341770965260125,-1.2260172087466268
1,bundle_delta,failed,61,-0.8318195406517711,-0.2984470736726994,-3.2446454354371,1.1336842353699979
1,sniper_delta,survived,8,-1.031883391794625,-0.07069616397129999,-1.2113282757333752,0.0
1,sniper_delta,failed,60,-0.580881484113071,0.0,-0.14477447450927503,0.0
1,top10_delta,survived,8,-6.569677285262038,-0.7259174791457008,-4.688093268822924,0.8666348740436502
1,top10_delta,failed,63,-2.0697791377779544,-0.5033160786483002,-2.566428183713949,0.0
1,liq_to_mc_delta,survived,8,0.017836511181324552,0.0415187774980032,-0.0003820935780471102,0.0531365344946608
1,liq_to_mc_delta,failed,63,-0.07525502697207284,-0.04910219475156219,-0.10801343052607504,-0.00995666511688481
1,vol_to_mc_delta,survived,8,0.6245040576839559,0.3422600704833403,0.2898298614039221,0.4865728140320017
1,vol_to_mc_delta,failed,63,0.18249751709523848,0.12761883294456378,0.0060598407977193736,0.33591295803040616
1,avg_buy_size_delta_pct,survived,8,2.994391109220884,3.4568067033976,-5.088042588042586,12.389478337754205
1,avg_buy_size_delta_pct,failed,63,4.2638925617036225,4.32786885245901,0.7478448659555827,7.498181144205525
3,entry_market_cap,survived,10,23269.3623154745,22526.515139730036,21021.64859544267,25708.643262739133
3,entry_market_cap,failed,86,49930.08403619512,20806.357275696268,18610.6576082467,25347.33180333153
3,holders,survived,10,167.5,155.0,112.0,207.0
3,holders,failed,86,159.36046511627907,154.0,118.0,183.75
3,buys,survived,10,44.2,37.5,23.75,53.5
3,buys,failed,86,76.36046511627907,64.5,46.5,93.0
3,count_buy,survived,10,44.2,37.5,23.75,53.5
3,count_buy,failed,86,76.36046511627907,64.5,46.5,93.0
3,volume_usd,survived,10,34619.85625088015,36104.06088322858,25326.409137700844,43039.02032609629
3,volume_usd,failed,86,38472.09565182543,36357.616212097564,26663.24216506113,44476.15415719205
3,vol_1h,survived,10,34619.85625088015,36104.06088322858,25326.409137700844,43039.02032609629
3,vol_1h,failed,86,38472.09565182543,36357.616212097564,26663.24216506113,44476.15415719205
3,entry_liquidity,survived,10,13330.59555522264,13557.665624820685,12387.629495554631,14264.671061823732
3,entry_liquidity,failed,86,13720.421603481082,13513.229954281715,12561.595868766723,14972.704743213031
3,bundle_pct,survived,10,18.850413574379292,18.1599547183449,11.224510906185,23.54722055107547
3,bundle_pct,failed,82,23.89970226938596,23.78696283341595,15.010005515089354,34.13817978594088
3,sniper_pct,survived,8,1.5117085394855254,0.6919810591614,0.0,2.856043926680277
3,sniper_pct,failed,83,1.5134508384675152,0.0,0.0,0.5968630240547552
3,top10_holder_pct,survived,10,23.800072096576166,23.48716054460595,22.056672607594525,25.70199387086054
3,top10_holder_pct,failed,86,22.387011802169763,22.99862848320855,20.1355548371931,25.362578776194823
3,liq_to_mc,survived,10,0.590730624140213,0.641980615142254,0.49272458195098245,0.6712688396829342
3,liq_to_mc,failed,85,0.6220062372929638,0.6614151641937662,0.6031031147806775,0.6997589464579919
3,vol_to_mc,survived,10,1.5061686551956346,1.5390026292500223,1.115132395560857,1.8767507513023705
3,vol_to_mc,failed,85,1.6519013386586252,1.6655661428034059,1.128764111566951,2.1241924569087445
3,avg_buy_size_sol,survived,10,1.605874690308625,1.6203703703703705,1.4644886363636362,1.7264890282131662
3,avg_buy_size_sol,failed,86,1.554274881524883,1.5,1.3803731695795938,1.6625
3,mc_delta_pct,survived,10,24.20465704605155,21.597727342773535,7.902236876607957,38.56917851000735
3,mc_delta_pct,failed,86,25.80142764247711,21.196564848165607,3.933964595563047,41.044279121171925
3,holders_delta,survived,10,51.6,40.5,16.0,82.75
3,holders_delta,failed,86,49.24418604651163,37.0,18.0,61.75
3,holders_delta_pct,survived,10,44.42945199374466,40.177707930367504,19.744744744744743,57.96526867627785
3,holders_delta_pct,failed,86,47.761011781398466,37.177207687748705,21.134277092963533,57.941656836947644
3,buys_delta,survived,10,12.6,11.0,8.25,25.25
3,buys_delta,failed,86,25.546511627906977,18.5,8.25,32.25
3,buys_delta_pct,survived,10,60.439559802931896,64.06633906633907,41.25,100.52083333333334
3,buys_delta_pct,failed,86,57.68044950930143,44.78221415607986,20.538680588514474,74.82578397212544
3,volume_delta_pct,survived,10,65.37406177591726,32.936729479025516,18.54001364066446,70.16062664156252
3,volume_delta_pct,failed,86,62.793929937842044,49.40613901879871,24.809614086724714,79.42808818024234
3,liquidity_delta_pct,survived,10,1.9181842839095864,4.785036610322098,-7.493369948852388,10.998456978845764
3,liquidity_delta_pct,failed,86,6.841643515468525,7.600034842982741,0.6786186344419903,13.925346860813665
3,bundle_delta,survived,10,-3.239368758497278,-2.1340473887758,-5.700448508372025,-0.470009878199952
3,bundle_delta,failed,82,-2.811553627145701,-1.3987095222814503,-5.715111465914026,0.0
3,sniper_delta,survived,8,0.24350403539208787,0.0,-0.10173841033142497,0.55954024042705
3,sniper_delta,failed,83,-0.7362570552410126,0.0,-0.14956781717259993,0.0
3,top10_delta,survived,10,-0.11619882337236191,0.12620247330129963,-0.5966253143610256,0.6776234023477672
3,top10_delta,failed,86,-2.4895614747426675,-0.6762844490758013,-2.5474464213371517,0.0
3,liq_to_mc_delta,survived,10,-0.11055166587840363,-0.08152589603763666,-0.17332440124828014,-0.057239079282934424
3,liq_to_mc_delta,failed,85,-0.08721094592581136,-0.06897230024614598,-0.1277423277218267,-0.015379253862397135
3,vol_to_mc_delta,survived,10,0.24205469429891577,0.1930587953342453,-0.030812093139040098,0.5957916389020637
3,vol_to_mc_delta,failed,85,0.31085603484313457,0.18007849289567535,0.02478713455194359,0.5645940416290749
3,avg_buy_size_delta_pct,survived,10,6.072577428437038,12.92103618306827,1.4251373626373645,14.887059765785654
3,avg_buy_size_delta_pct,failed,86,5.076987538932277,4.294789203402976,-0.43742037239930065,10.686408598585322
5,entry_market_cap,survived,12,25182.84074915212,22526.515139730036,20344.850449048914,25799.81301531225
5,entry_market_cap,failed,95,72450.91681233584,21444.591990478973,18644.355016059206,25840.358419211203
5,holders,survived,12,195.75,179.0,118.0,256.5
5,holders,failed,95,164.01052631578946,160.0,116.5,202.5
5,buys,survived,12,51.916666666666664,45.5,27.25,63.75
5,buys,failed,95,71.42105263157895,59.0,43.5,85.5
5,count_buy,survived,12,51.916666666666664,45.5,27.25,63.75
5,count_buy,failed,95,71.42105263157895,59.0,43.5,85.5
5,volume_usd,survived,12,47102.970949847855,42048.13266523249,32206.137828281266,54270.97988216131
5,volume_usd,failed,95,40571.21825433186,38832.98270288031,28961.34946675974,47561.8633930576
5,vol_1h,survived,12,47102.970949847855,42048.13266523249,32206.137828281266,54270.97988216131
5,vol_1h,failed,95,40571.21825433186,38832.98270288031,28961.34946675974,47561.8633930576
5,entry_liquidity,survived,12,13212.127888910089,13110.677485284723,12480.935533352462,14205.868156974102
5,entry_liquidity,failed,95,13800.369843731654,13534.885022353837,12752.413713992213,15033.892436417864
5,bundle_pct,survived,12,20.125363365514577,18.1599547183449,11.478070505452726,26.08727401278427
5,bundle_pct,failed,90,23.012410959595808,22.4937179094606,13.013554594802624,33.246101556527194
5,sniper_pct,survived,10,2.5023131850410003,1.78887041845195,0.0,2.644695529751852
5,sniper_pct,failed,90,1.4275861190117458,0.0,0.0,0.7110253073505777
5,top10_holder_pct,survived,12,23.399865087581293,23.142897938860898,22.54306986768865,24.756639821215877
5,top10_holder_pct,failed,95,22.190081927385283,23.0492456103048,20.157670979161402,25.332236186304648
5,liq_to_mc,survived,12,0.5665404494082908,0.641980615142254,0.44481461945878414,0.6801660337324154
5,liq_to_mc,failed,93,0.6063774013118644,0.6522986029261293,0.59012789547404,0.6883976392298472
5,vol_to_mc,survived,12,1.882276662626454,1.7843638062150664,1.3655197243566815,2.133871472084412
5,vol_to_mc,failed,93,1.684327480633831,1.7078146433109898,1.128764111566951,2.1393930841775126
5,avg_buy_size_sol,survived,12,1.671417401299362,1.6633333333333333,1.5452713178294575,1.729665071770335
5,avg_buy_size_sol,failed,95,1.5817280756816183,1.5151515151515151,1.3888888888888888,1.7238186462324392
5,mc_delta_pct,survived,12,39.857487967016176,26.40635309829758,13.99268831767457,44.61960882688097
5,mc_delta_pct,failed,95,31.575370550991657,24.343595625438088,6.8223325921418105,43.006141531543925
5,holders_delta,survived,12,77.5,49.5,20.0,113.5
5,holders_delta,failed,95,54.1578947368421,44.0,19.0,68.0
5,holders_delta_pct,survived,12,64.96457997771708,52.00968523002422,21.396396396396398,75.48615556978234
5,holders_delta_pct,failed,95,53.60164642953173,40.0,21.758085324080252,63.080639167595685
5,buys_delta,survived,12,16.833333333333332,18.0,8.75,31.5
5,buys_delta,failed,95,22.51578947368421,18.0,6.0,33.0
5,buys_delta_pct,survived,12,65.38482525389216,67.19448584202684,43.75,87.5
5,buys_delta_pct,failed,95,54.446295145671165,38.0,17.79584462511292,78.28282828282829
5,volume_delta_pct,survived,12,195.11308229297035,66.21636334899435,24.124454305369348,212.1214525717534
5,volume_delta_pct,failed,95,75.65227122362468,53.50185557079254,28.94711492562897,91.62782720494401
5,liquidity_delta_pct,survived,12,2.727413573085222,5.472901483116605,-7.792409649400921,12.066596586930611
5,liquidity_delta_pct,failed,95,8.346001890603304,8.674801215757007,0.7694588897506286,15.432637098219814
5,bundle_delta,survived,12,-3.245622857015682,-3.180482970039449,-10.435811255294901,-1.1091825257938526
5,bundle_delta,failed,90,-3.5056332230096054,-2.017163927474199,-6.651707997731901,0.0
5,sniper_delta,survived,9,0.1970903180859336,0.0,0.0,2.1937787185811
5,sniper_delta,failed,90,-0.9938301755202318,0.0,-0.15787949890199987,0.0
5,top10_delta,survived,12,-0.3917517474301763,-0.07246623135700148,-1.6530255012229,0.6787937346716744
5,top10_delta,failed,95,-2.6520296637766148,-0.7153758358657001,-2.65136627876325,0.10134786826075537
5,liq_to_mc_delta,survived,12,-0.15117409973866067,-0.09952936652793443,-0.2592745925807155,-0.05827323796949707
5,liq_to_mc_delta,failed,93,-0.09372909526366578,-0.07434089537278443,-0.13277740915158331,-0.029786671076528104
5,vol_to_mc_delta,survived,12,0.6307976508461336,0.5525238690838116,0.030181330286425556,0.8853715368464201
5,vol_to_mc_delta,failed,93,0.3573354929096329,0.2011365176356914,0.02478713455194359,0.5882283963000086
5,avg_buy_size_delta_pct,survived,12,14.035360216583745,14.083015503753298,9.334627329192548,15.499011857707508
5,avg_buy_size_delta_pct,failed,95,7.4784531202003155,4.551630434782609,-0.8829967470859331,13.676661896976322
10,entry_market_cap,survived,10,36918.393765352965,22526.515139730036,19185.154210497538,31602.88386827828
10,entry_market_cap,failed,103,70796.0762615802,22413.075154465696,19377.6279631703,26402.01939563675
10,holders,survived,10,243.7,179.0,112.0,291.5
10,holders,failed,103,181.50485436893203,163.0,119.0,215.5
10,buys,survived,10,57.1,57.0,27.25,73.25
10,buys,failed,103,67.8252427184466,58.0,33.5,84.0
10,count_buy,survived,10,57.1,57.0,27.25,73.25
10,count_buy,failed,103,67.8252427184466,58.0,33.5,84.0
10,volume_usd,survived,10,71317.92308359065,42048.13266523249,28456.181478461098,61105.819882824675
10,volume_usd,failed,103,47447.448389446996,40412.26615920112,29238.278352316724,52834.692847975486
10,vol_1h,survived,10,71317.92308359065,42048.13266523249,28456.181478461098,61105.819882824675
10,vol_1h,failed,103,47447.448389446996,40412.26615920112,29238.278352316724,52834.692847975486
10,entry_liquidity,survived,10,14899.674107927127,13685.820784519852,12801.872672772675,14542.894889385863
10,entry_liquidity,failed,103,14082.355065440146,13880.475880433418,12789.367989097289,15250.521323797722
10,bundle_pct,survived,10,18.425848250883337,19.67004316184775,9.969571977140175,23.77227356774787
10,bundle_pct,failed,98,22.61305330687531,21.06049158262325,12.2287021656889,32.220557351044604
10,sniper_pct,survived,8,1.1007127916865442,0.17839101270197608,0.0,2.4695866824109505
10,sniper_pct,failed,98,1.5052996865141626,0.0,0.0,0.902436066179375
10,top10_holder_pct,survived,10,22.53557278529166,23.142897938860898,20.480847400255264,23.683176164238976
10,top10_holder_pct,failed,103,22.154489546680775,23.0632658041357,20.25169144808435,25.2569752941812
10,liq_to_mc,survived,10,0.5406404260306829,0.641980615142254,0.39859890122917374,0.6949027577648664
10,liq_to_mc,failed,101,0.5891724297931421,0.6357219891411768,0.5816761384785819,0.6866484302685759
10,vol_to_mc,survived,10,1.8468727749985647,1.7747679086066244,1.256099939979217,2.0005020230513644
10,vol_to_mc,failed,101,1.77643003150323,1.7978380635866098,1.1623187488773907,2.3282470862138234
10,avg_buy_size_sol,survived,10,1.839570319930194,1.6203703703703705,1.5195348837209302,1.7344497607655502
10,avg_buy_size_sol,failed,103,1.6510705719730012,1.5364963503649636,1.4068693693693695,1.7963036565977744
10,mc_delta_pct,survived,10,96.38257167480133,30.64155082774072,19.95548544094764,57.23496649911913
10,mc_delta_pct,failed,103,43.434353080578845,28.472741010147107,9.003702752767552,54.21439589785912
10,holders_delta,survived,10,131.6,49.5,26.25,136.0
10,holders_delta,failed,103,70.94174757281553,49.0,23.0,84.0
10,holders_delta_pct,survived,10,110.2362283013867,52.00968523002422,24.113475177304963,116.57096228239844
10,holders_delta_pct,failed,103,65.84405534849327,42.5287356321839,23.368947488065473,89.00412796697627
10,buys_delta,survived,10,17.1,18.5,8.25,32.5
10,buys_delta,failed,103,18.62135922330097,16.0,4.0,30.0
10,buys_delta_pct,survived,10,72.90168101505313,71.5909090909091,21.35135135135135,112.5
10,buys_delta_pct,failed,103,46.36947959003916,32.857142857142854,12.390350877192983,67.92763157894737
10,volume_delta_pct,survived,10,486.1801906159837,66.21636334899435,28.231832309222206,265.75820320521814
10,volume_delta_pct,failed,103,104.65900747862369,61.775939927216605,33.039360474998915,98.67519071800392
10,liquidity_delta_pct,survived,10,18.420609915655113,10.253622064897431,4.123238468066883,14.949648630649481
10,liquidity_delta_pct,failed,103,10.637747557590929,9.80369517318588,1.1077394225709767,18.41751806696241
10,bundle_delta,survived,10,-10.382267732432013,-8.3565417797257,-16.631183427181522,-1.7020552127904764
10,bundle_delta,failed,98,-3.64495208590771,-1.890761176695598,-6.7026973761806765,0.26667220026548755
10,sniper_delta,survived,7,-0.31640875756270637,0.0,0.0,0.17839101270197608
10,sniper_delta,failed,97,-0.908853365310776,0.0,-0.13294445371380004,0.0
10,top10_delta,survived,10,-1.687830163957441,-0.24749025278515013,-2.9986413091365858,0.850778978949692
10,top10_delta,failed,103,-2.8020163180436732,-1.1386243027284024,-3.4487445825409795,0.04422364057286732
10,liq_to_mc_delta,survived,10,-0.1582150021679621,-0.08446370718937085,-0.21042876584385456,-0.06284437577762941
10,liq_to_mc_delta,failed,101,-0.11331948558290222,-0.08525300667598368,-0.14990390109631946,-0.030312715772389365
10,vol_to_mc_delta,survived,10,0.701849378218029,0.3935294933437865,-0.030812093139040098,1.2020310094228939
10,vol_to_mc_delta,failed,101,0.4391536626862001,0.30939110380509416,0.03040604415079362,0.6701854192846258
10,avg_buy_size_delta_pct,survived,10,27.71096706979863,14.860326428123043,8.686952582301423,30.718399612809552
10,avg_buy_size_delta_pct,failed,103,12.17153547618337,5.501985252410671,0.07562008469449585,19.45385169012463
