formation_type,conditions,features,tokens,failed,survived,failure_pct,survival_pct,baseline_failure_pct,failure_lift_over_baseline,ci95_low_pct,ci95_high_pct,median_first_vlak_mc,median_age_minutes,earliness_score,avoid_score,avg_post_vlak_multiple,median_post_vlak_multiple
single,age_minutes <= 0.2573,age_minutes,183,151,32,82.5136612021858,17.486338797814206,75.13661202185791,1.0981818181818184,76.35760758732113,87.3327054907086,18009.051932517308,0.19098815,1.5233048041711825,8.723886841050822,2.1282149316202927,1.06760042240938
single,sniper_hold_percent >= 6.89,sniper_hold_percent,68,56,12,82.35294117647058,17.647058823529417,75.13661202185791,1.0960427807486632,71.63933737056787,89.60651461491128,18448.741329902892,0.34466015000000005,1.043405326081008,4.842195649398587,2.023321729519601,1.2326291836936143
single,top10_percent >= 27.13,top10_percent,183,148,35,80.87431693989072,19.12568306010929,75.13661202185791,1.0763636363636364,74.56450061063518,85.914536177746,17387.88381022833,0.3423474,1.0754637950635635,6.036758115867959,2.5573568621061806,1.1453520357209361
single,vol_to_mc >= 2.658,vol_to_mc,73,59,14,80.82191780821918,19.17808219178082,75.13661202185791,1.0756662515566626,70.34428294648694,88.217745954525,15794.18309111208,0.62159935,0.8613841464564429,3.9879825409712337,1.6112459566965855,1.1013699249755124
single,total_buy >= 119.5,total_buy,72,58,14,80.55555555555556,19.444444444444443,75.13661202185791,1.0721212121212123,69.96702472161009,88.04862895658236,20139.782238316475,0.29604148333333336,1.100355506736891,5.061517127060959,1.590261482669481,1.1046689395778575
single,bundle_hold_percent >= 41.14,bundle_hold_percent,67,53,14,79.1044776119403,20.895522388059707,75.13661202185791,1.05280868385346,67.9279673204875,87.12443127017107,21413.71319151169,0.27008221666666665,1.1404114711955753,5.066089055727049,2.398194403668482,1.042310778093231
single,first_call_market_cap <= 1.402e+04,first_call_market_cap,366,286,80,78.14207650273224,21.857923497267763,75.13661202185791,1.04,73.6275639117907,82.0719571804823,16025.867475283341,0.49605469166666666,0.9353345016775976,5.744428228631059,2.0995578252277447,1.129372215801971
single,vol_1h >= 3.66e+04,vol_1h,183,143,40,78.14207650273224,21.857923497267763,75.13661202185791,1.04,71.60921124710809,83.51769839185881,18466.944679064214,0.5216269166666667,0.845350656835844,4.584787342773545,2.563696613873529,1.214300347127392
single,chg_24h <= 5.732,chg_24h,183,143,40,78.14207650273224,21.857923497267763,75.13661202185791,1.04,71.60921124710809,83.51769839185881,15674.820335427461,0.43920628333333334,0.9995989122076723,5.421357874960389,2.561333378028075,1.1384692281242517
single,liq_to_mc >= 0.7982,liq_to_mc,73,57,16,78.08219178082192,21.91780821917808,75.13661202185791,1.03920298879203,67.32251787519996,86.03399734572204,14206.854974621474,0.5638529666666667,0.9546178126225697,4.269811983243394,1.7761111899839306,1.1186652583318737
single,holders <= 118,holders,368,286,82,77.71739130434783,22.282608695652172,75.13661202185791,1.0343478260869565,73.19155919308538,81.67051110781694,16838.99550569384,0.34273929166666667,1.0907355915535324,6.668560702635014,2.6077892677208054,1.0992132799049181
single,chg_1h <= 5.576,chg_1h,183,142,41,77.59562841530054,22.404371584699454,75.13661202185791,1.0327272727272727,71.0227134376393,83.03377077144476,15883.171208597296,0.4417652166666667,0.9898345539332745,5.330859291186527,2.550443042635512,1.207622546691149
single,avg_buy_size_sol >= 1.444,avg_buy_size_sol,367,283,84,77.11171662125341,22.8882833787466,75.13661202185791,1.0262868466683182,72.5457379554853,81.11598715841778,18522.14160091124,0.36481016666666666,1.0094076363082711,6.12042995576636,2.5446925677532346,1.168164027876151
single,dev_hold_percent <= 0,dev_hold_percent,464,357,107,76.9396551724138,23.06034482758621,75.13661202185791,1.0239968652037619,72.89510596297812,80.54178378774091,16403.417177499563,0.42161945,0.9945663726414038,6.255252646400805,2.098138155035083,1.1359946768859466
single,market_cap <= 2.178e+04,market_cap,547,417,130,76.23400365630712,23.765996343692876,75.13661202185791,1.0146052850257603,72.49170537527138,79.61038713190307,16148.039625103878,0.43703610000000004,0.9859695782586568,6.30860826180677,2.0418110482513216,1.1557700874723262
single,count_buy <= 59,count_buy,559,423,136,75.67084078711986,24.329159212880146,75.13661202185791,1.0071100992031226,71.94650790003625,79.04474789910866,16819.955525858262,0.41754996666666666,0.9863679761175866,6.286053121110957,2.337081991122321,1.1745372652069184
single,vol_24h <= 2.739e+04,vol_24h,366,276,90,75.40983606557377,24.590163934426236,75.13661202185791,1.0036363636363637,70.7492002476549,79.54260035022267,16688.456825934125,0.35045401666666665,1.082397635908643,6.415193156986705,2.3241734613830167,1.1299072750617176
single,liquidity >= 1.607e+04,liquidity,73,55,18,75.34246575342466,24.65753424657534,75.13661202185791,1.0027397260273974,64.35533785848676,83.79566368234529,69606.90233675968,0.4585513166666667,0.5599565306425927,2.4166923417909065,2.4675632844137425,1.3238039078819264
