window_minutes,condition,feature,threshold,direction,tokens,hit_2x_pct,hit_3x_pct,hit_5x_pct,baseline_2x_pct,lift_over_window_baseline,median_confirmation_delay_minutes,median_entry_market_cap,median_mc_delta_pct
1,mc_delta_pct <= -0.8475,mc_delta_pct,-0.847498038084151,<=,18,33.33333333333333,11.11111111111111,11.11111111111111,11.267605633802818,2.958333333333333,0.18873333333333334,18383.698350585633,-11.065410594084206
1,liq_to_mc_delta >= -0.004763,liq_to_mc_delta,-0.004762916162368402,>=,18,33.33333333333333,11.11111111111111,11.11111111111111,11.267605633802818,2.958333333333333,0.19231666666666666,17545.534622930816,-7.917421449909111
1,liquidity_delta_pct <= -1.574,liquidity_delta_pct,-1.5735971860585856,<=,18,27.77777777777778,11.11111111111111,11.11111111111111,11.267605633802818,2.4652777777777777,0.19231666666666666,18492.673091472137,-11.065410594084206
1,bundle_delta <= -3.839,bundle_delta,-3.8390516376894004,<=,18,27.77777777777778,5.555555555555555,5.555555555555555,11.267605633802818,2.4652777777777777,0.32981666666666665,19433.335506486277,8.85844864627169
3,buys <= 43.75,buys,43.75,<=,24,25.0,16.666666666666664,8.333333333333332,10.416666666666668,2.4,1.5583166666666668,20527.315220231154,18.22621716589982
3,count_buy <= 43.75,count_buy,43.75,<=,24,25.0,16.666666666666664,8.333333333333332,10.416666666666668,2.4,1.5583166666666668,20527.315220231154,18.22621716589982
5,sniper_pct >= 1.224,sniper_pct,1.2241263605680999,>=,25,24.0,20.0,12.0,11.214953271028037,2.14,1.0844333333333334,23169.1299295532,33.01166784788494
10,bundle_delta <= -7.199,bundle_delta,-7.198789326941325,<=,27,18.51851851851852,11.11111111111111,7.4074074074074066,8.849557522123893,2.0925925925925926,3.154433333333333,23298.16285243824,39.871360983136476
10,vol_to_mc_delta >= 0.7101,vol_to_mc_delta,0.7100766167528061,>=,28,17.857142857142858,7.142857142857142,3.571428571428571,8.849557522123893,2.017857142857143,3.660358333333333,22216.15970541806,33.18213722659827
3,top10_delta >= 0.1168,top10_delta,0.1167709772718073,>=,24,20.833333333333336,16.666666666666664,16.666666666666664,10.416666666666668,2.0,1.3340583333333333,22768.919703825362,26.40635309829758
3,avg_buy_size_delta_pct >= 12.58,avg_buy_size_delta_pct,12.584158592191507,>=,24,20.833333333333336,16.666666666666664,8.333333333333332,10.416666666666668,2.0,1.7351916666666667,22881.306892697066,28.37589201375873
5,vol_to_mc_delta >= 0.6347,vol_to_mc_delta,0.634688711057315,>=,27,22.22222222222222,18.51851851851852,7.4074074074074066,11.214953271028037,1.9814814814814814,2.237216666666667,19137.682875067643,21.05418308653558
1,buys <= 45.5,buys,45.5,<=,18,22.22222222222222,5.555555555555555,5.555555555555555,11.267605633802818,1.972222222222222,0.335475,19487.908267110593,11.578868086596456
1,count_buy <= 45.5,count_buy,45.5,<=,18,22.22222222222222,5.555555555555555,5.555555555555555,11.267605633802818,1.972222222222222,0.335475,19487.908267110593,11.578868086596456
1,vol_to_mc >= 1.862,vol_to_mc,1.8623179939515548,>=,18,22.22222222222222,0.0,0.0,11.267605633802818,1.972222222222222,0.2821166666666667,18558.80675526153,3.4204207368536848
1,holders_delta <= 15,holders_delta,15.0,<=,18,22.22222222222222,11.11111111111111,11.11111111111111,11.267605633802818,1.972222222222222,0.28623333333333334,19365.173447715883,0.34904025983337544
1,holders_delta_pct <= 16.31,holders_delta_pct,16.311938809444626,<=,18,22.22222222222222,11.11111111111111,11.11111111111111,11.267605633802818,1.972222222222222,0.3046833333333333,19358.632316452313,0.34904025983337544
10,top10_delta >= 0.1442,top10_delta,0.14424331085080055,>=,29,17.24137931034483,13.793103448275861,10.344827586206897,8.849557522123893,1.9482758620689657,2.183783333333333,22935.414897328224,35.61272287443018
1,mc_delta_pct <= 10.8,mc_delta_pct,10.796618276479197,<=,36,19.444444444444446,5.555555555555555,5.555555555555555,11.267605633802818,1.7256944444444444,0.24014166666666667,18415.306660087004,-0.847498038084151
1,holders_delta_pct <= 29.33,holders_delta_pct,29.333333333333332,<=,36,19.444444444444446,5.555555555555555,5.555555555555555,11.267605633802818,1.7256944444444444,0.2821166666666667,19449.43875851266,3.631550880070604
1,liquidity_delta_pct <= 4.28,liquidity_delta_pct,4.280132983603487,<=,36,19.444444444444446,5.555555555555555,5.555555555555555,11.267605633802818,1.7256944444444444,0.22750833333333334,18824.61882522064,-0.847498038084151
1,liq_to_mc_delta >= -0.04438,liq_to_mc_delta,-0.044383092319219664,>=,36,19.444444444444446,5.555555555555555,5.555555555555555,11.267605633802818,1.7256944444444444,0.246425,18415.306660087004,1.4110368239042708
1,vol_to_mc_delta >= 0.1338,vol_to_mc_delta,0.13375593343667425,>=,36,19.444444444444446,5.555555555555555,5.555555555555555,11.267605633802818,1.7256944444444444,0.32981666666666665,18492.673091472137,2.767187418085924
3,bundle_pct <= 14.38,bundle_pct,14.375389968774126,<=,23,17.391304347826086,8.695652173913043,8.695652173913043,10.416666666666668,1.6695652173913043,1.1134166666666667,19371.08683190673,18.328232352079098
3,sniper_pct >= 1.066,sniper_pct,1.06579453353295,>=,23,17.391304347826086,13.043478260869565,8.695652173913043,10.416666666666668,1.6695652173913043,0.84105,22998.893697286716,31.67483583310002
5,avg_buy_size_delta_pct >= 5.473,avg_buy_size_delta_pct,5.4726368159203975,>=,54,18.51851851851852,14.814814814814813,7.4074074074074066,11.214953271028037,1.6512345679012346,2.182616666666666,22399.989180680444,32.34325184049248
5,holders >= 209.5,holders,209.5,>=,27,18.51851851851852,18.51851851851852,11.11111111111111,11.214953271028037,1.6512345679012346,2.2046333333333332,24648.76555534992,40.54450203959949
5,volume_usd >= 4.816e+04,volume_usd,48163.95746872948,>=,27,18.51851851851852,14.814814814814813,7.4074074074074066,11.214953271028037,1.6512345679012346,2.5585999999999998,24832.80700726102,42.37938844936583
5,vol_1h >= 4.816e+04,vol_1h,48163.95746872948,>=,27,18.51851851851852,14.814814814814813,7.4074074074074066,11.214953271028037,1.6512345679012346,2.5585999999999998,24832.80700726102,42.37938844936583
5,liq_to_mc <= 0.5817,liq_to_mc,0.5816761384785819,<=,27,18.51851851851852,18.51851851851852,11.11111111111111,11.214953271028037,1.6512345679012346,1.4576666666666667,29975.523437546257,52.13221631766432
5,holders_delta >= 71,holders_delta,71.0,>=,27,18.51851851851852,18.51851851851852,11.11111111111111,11.214953271028037,1.6512345679012346,2.1943833333333336,24923.91943323336,46.323815447296475
5,top10_delta >= 0.1343,top10_delta,0.13429092690535072,>=,27,18.51851851851852,14.814814814814813,11.11111111111111,11.214953271028037,1.6512345679012346,2.18145,22125.37331438475,27.93049505016984
5,liq_to_mc_delta <= -0.1366,liq_to_mc_delta,-0.13660229019597114,<=,27,18.51851851851852,18.51851851851852,11.11111111111111,11.214953271028037,1.6512345679012346,1.3079666666666665,28371.952759221625,60.757770338530435
5,avg_buy_size_delta_pct >= 14.75,avg_buy_size_delta_pct,14.751630775949131,>=,27,18.51851851851852,14.814814814814813,7.4074074074074066,11.214953271028037,1.6512345679012346,2.3293166666666663,22413.075154465696,31.67483583310002
10,liq_to_mc <= 0.5776,liq_to_mc,0.5776268058252297,<=,28,14.285714285714285,7.142857142857142,7.142857142857142,8.849557522123893,1.6142857142857143,2.4686583333333334,46932.606055741446,85.25395101676995
3,avg_buy_size_sol >= 1.698,avg_buy_size_sol,1.6979105786090005,>=,24,16.666666666666664,8.333333333333332,4.166666666666666,10.416666666666668,1.5999999999999999,0.820075,24049.45965072808,20.968418766957427
3,buys_delta_pct >= 78.03,buys_delta_pct,78.03030303030303,>=,24,16.666666666666664,8.333333333333332,8.333333333333332,10.416666666666668,1.5999999999999999,1.2300916666666666,25256.17336109324,27.67768993177841
3,liquidity_delta_pct <= 0.317,liquidity_delta_pct,0.3169878981481475,<=,24,16.666666666666664,12.5,8.333333333333332,10.416666666666668,1.5999999999999999,0.3944,20170.592169232248,-4.670522434661217
3,liq_to_mc_delta <= -0.1384,liq_to_mc_delta,-0.13837340209812188,<=,24,16.666666666666664,16.666666666666664,12.5,10.416666666666668,1.5999999999999999,1.1073333333333333,26498.56632112072,59.93929814121313
10,avg_buy_size_delta_pct >= 5.603,avg_buy_size_delta_pct,5.603448275862066,>=,57,14.035087719298245,8.771929824561402,5.263157894736842,8.849557522123893,1.5859649122807016,2.492433333333333,23783.241837133843,36.52288288650227
3,buys <= 59,buys,59.0,<=,49,16.3265306122449,12.244897959183673,8.16326530612245,10.416666666666668,1.56734693877551,1.1759,20382.38459366731,18.328232352079098
3,count_buy <= 59,count_buy,59.0,<=,49,16.3265306122449,12.244897959183673,8.16326530612245,10.416666666666668,1.56734693877551,1.1759,20382.38459366731,18.328232352079098
1,sniper_pct >= 2.26,sniper_pct,2.259842717919375,>=,17,17.647058823529413,5.88235294117647,5.88235294117647,11.267605633802818,1.5661764705882353,0.3412833333333333,19731.08506366035,29.426339574284178
1,sniper_delta <= -0.1828,sniper_delta,-0.18279525330857824,<=,17,17.647058823529413,5.88235294117647,5.88235294117647,11.267605633802818,1.5661764705882353,0.3412833333333333,18948.341832160226,11.372872135684919
10,entry_market_cap >= 2.713e+04,entry_market_cap,27130.808989583846,>=,29,13.793103448275861,6.896551724137931,6.896551724137931,8.849557522123893,1.5586206896551724,2.6194166666666665,45738.69942890321,84.51166028926481
10,holders_delta >= 87,holders_delta,87.0,>=,29,13.793103448275861,6.896551724137931,6.896551724137931,8.849557522123893,1.5586206896551724,3.7708,27715.34506540998,58.643033510862175
10,buys_delta >= 31,buys_delta,31.0,>=,29,13.793103448275861,6.896551724137931,3.4482758620689653,8.849557522123893,1.5586206896551724,1.3079666666666665,25335.36646588814,38.252618225708886
10,buys_delta_pct >= 76.19,buys_delta_pct,76.19047619047619,>=,29,13.793103448275861,3.4482758620689653,3.4482758620689653,8.849557522123893,1.5586206896551724,1.3079666666666665,24923.91943323336,29.89106355668148
10,volume_delta_pct <= 32.18,volume_delta_pct,32.177305323723445,<=,29,13.793103448275861,10.344827586206897,6.896551724137931,8.849557522123893,1.5586206896551724,0.4061333333333333,19591.64743978732,12.794364483614382
10,volume_delta_pct >= 103,volume_delta_pct,102.96620087098896,>=,29,13.793103448275861,6.896551724137931,3.4482758620689653,8.849557522123893,1.5586206896551724,3.817333333333333,27130.808989583846,49.00748166715486
3,holders_delta >= 64,holders_delta,64.0,>=,25,16.0,16.0,12.0,10.416666666666668,1.536,1.2041333333333335,25351.320249145996,46.323815447296475
1,bundle_delta <= -0.5805,bundle_delta,-0.5804661948429981,<=,35,17.142857142857142,2.857142857142857,2.857142857142857,11.267605633802818,1.5214285714285714,0.35736666666666667,19731.08506366035,9.308273962499468
5,avg_buy_size_sol >= 1.531,avg_buy_size_sol,1.53125,>=,54,16.666666666666664,11.11111111111111,7.4074074074074066,11.214953271028037,1.486111111111111,1.9106916666666667,22845.688526591366,25.17730472928552
5,buys_delta_pct >= 44.83,buys_delta_pct,44.827586206896555,>=,54,16.666666666666664,11.11111111111111,7.4074074074074066,11.214953271028037,1.486111111111111,1.2165666666666666,23540.70234478604,28.882413267738723
1,top10_holder_pct <= 23.41,top10_holder_pct,23.4088748539144,<=,36,16.666666666666664,2.7777777777777777,2.7777777777777777,11.267605633802818,1.4791666666666665,0.3310666666666667,19992.550247808314,10.568958699729409
1,holders_delta <= 30,holders_delta,30.0,<=,36,16.666666666666664,5.555555555555555,5.555555555555555,11.267605633802818,1.4791666666666665,0.3196,19553.177931189388,3.96653759482815
1,entry_market_cap <= 1.784e+04,entry_market_cap,17838.126745027155,<=,18,16.666666666666664,11.11111111111111,11.11111111111111,11.267605633802818,1.4791666666666665,0.20399166666666668,16099.399140639804,0.34904025983337544
1,volume_usd >= 3.987e+04,volume_usd,39868.544880221845,>=,18,16.666666666666664,0.0,0.0,11.267605633802818,1.4791666666666665,0.40245,22461.541975787055,35.594175579739144
1,vol_1h >= 3.987e+04,vol_1h,39868.544880221845,>=,18,16.666666666666664,0.0,0.0,11.267605633802818,1.4791666666666665,0.40245,22461.541975787055,35.594175579739144
1,entry_liquidity <= 1.251e+04,entry_liquidity,12514.827683552065,<=,18,16.666666666666664,11.11111111111111,11.11111111111111,11.267605633802818,1.4791666666666665,0.20399166666666668,16099.399140639804,-2.250167769695206
1,top10_holder_pct <= 21.48,top10_holder_pct,21.477714361612144,<=,18,16.666666666666664,5.555555555555555,5.555555555555555,11.267605633802818,1.4791666666666665,0.3391333333333333,19433.042761242687,9.60531933790741
1,liq_to_mc >= 0.7257,liq_to_mc,0.7257160074000251,>=,18,16.666666666666664,11.11111111111111,11.11111111111111,11.267605633802818,1.4791666666666665,0.23329166666666667,16207.816766632639,1.548263978061187
1,avg_buy_size_sol >= 1.742,avg_buy_size_sol,1.7422772988505746,>=,18,16.666666666666664,0.0,0.0,11.267605633802818,1.4791666666666665,0.37077499999999997,23816.357695176644,17.651853650187725
1,top10_delta >= 0.07227,top10_delta,0.07226854587255005,>=,18,16.666666666666664,5.555555555555555,5.555555555555555,11.267605633802818,1.4791666666666665,0.43070833333333336,20277.850155552413,19.828033773755756
1,vol_to_mc_delta >= 0.3671,vol_to_mc_delta,0.3671025813605179,>=,18,16.666666666666664,5.555555555555555,5.555555555555555,11.267605633802818,1.4791666666666665,0.19231666666666666,17519.835444244294,0.21449852598674435
1,avg_buy_size_delta_pct <= 0.6716,avg_buy_size_delta_pct,0.6716095149830196,<=,18,16.666666666666664,0.0,0.0,11.267605633802818,1.4791666666666665,0.43070833333333336,20993.89721882096,12.663553166783325
1,avg_buy_size_delta_pct >= 8.338,avg_buy_size_delta_pct,8.337854291570983,>=,18,16.666666666666664,5.555555555555555,5.555555555555555,11.267605633802818,1.4791666666666665,0.5630916666666667,23816.357695176644,29.085053287025914
10,bundle_pct <= 20.78,bundle_pct,20.77874640419285,<=,54,12.962962962962962,7.4074074074074066,5.555555555555555,8.849557522123893,1.4648148148148148,2.4582333333333333,22216.15970541806,28.20161803015847
10,bundle_delta <= -2.017,bundle_delta,-2.017163927474199,<=,54,12.962962962962962,7.4074074074074066,5.555555555555555,8.849557522123893,1.4648148148148148,2.2751416666666673,22675.803764861426,32.30644695738938
3,bundle_pct <= 22.98,bundle_pct,22.9833504336896,<=,46,15.217391304347828,10.869565217391305,6.521739130434782,10.416666666666668,1.4608695652173913,1.2425249999999999,20322.311721506674,18.560235497734247
3,top10_holder_pct >= 23.1,top10_holder_pct,23.10262259174155,>=,48,14.583333333333334,8.333333333333332,6.25,10.416666666666668,1.4000000000000001,0.6650083333333334,21086.281946854717,22.715081125501527
3,avg_buy_size_sol >= 1.508,avg_buy_size_sol,1.5082695462001094,>=,48,14.583333333333334,8.333333333333332,6.25,10.416666666666668,1.4000000000000001,1.098925,22686.95126534141,20.538901001933496
3,buys_delta <= 17.5,buys_delta,17.5,<=,48,14.583333333333334,10.416666666666668,6.25,10.416666666666668,1.4000000000000001,0.9813083333333334,20527.315220231154,18.32073794560042
3,top10_delta >= -0.5505,top10_delta,-0.5505195689963003,>=,48,14.583333333333334,10.416666666666668,8.333333333333332,10.416666666666668,1.4000000000000001,0.8832249999999999,22768.919703825362,22.715081125501527
3,avg_buy_size_delta_pct >= 4.45,avg_buy_size_delta_pct,4.449728260869565,>=,48,14.583333333333334,10.416666666666668,6.25,10.416666666666668,1.4000000000000001,0.9356333333333333,22021.98004336484,28.104769033770097
5,bundle_pct <= 21.66,bundle_pct,21.655419153012303,<=,51,15.686274509803921,11.76470588235294,7.8431372549019605,11.214953271028037,1.3986928104575163,2.2046333333333332,20577.607221724746,19.882325058235644
10,avg_buy_size_sol >= 1.558,avg_buy_size_sol,1.558139534883721,>=,57,12.280701754385964,5.263157894736842,5.263157894736842,8.849557522123893,1.387719298245614,2.237216666666667,24315.677464322318,31.67483583310002
10,buys_delta_pct >= 37.04,buys_delta_pct,37.03703703703704,>=,57,12.280701754385964,7.017543859649122,5.263157894736842,8.849557522123893,1.387719298245614,1.2289999999999999,22927.656965075323,28.472741010147107
5,bundle_pct <= 12.41,bundle_pct,12.413019130985651,<=,26,15.384615384615385,7.6923076923076925,7.6923076923076925,11.214953271028037,1.3717948717948718,2.244775,19583.356625240893,20.138409497020547
5,bundle_delta <= -7.029,bundle_delta,-7.0289678823719095,<=,26,15.384615384615385,15.384615384615385,11.538461538461538,11.214953271028037,1.3717948717948718,2.3543000000000003,21928.833572472337,31.578130317596425
1,entry_market_cap <= 2.482e+04,entry_market_cap,24822.191886490575,<=,53,15.09433962264151,3.7735849056603774,3.7735849056603774,11.267605633802818,1.3396226415094339,0.31834999999999997,19135.585949312208,4.031683593358356
1,buys >= 93,buys,93.0,>=,20,15.0,0.0,0.0,11.267605633802818,1.3312499999999998,0.47758333333333336,21630.556155116996,30.17401615992366
1,count_buy >= 93,count_buy,93.0,>=,20,15.0,0.0,0.0,11.267605633802818,1.3312499999999998,0.47758333333333336,21630.556155116996,30.17401615992366
1,buys_delta >= 30,buys_delta,30.0,>=,20,15.0,0.0,0.0,11.267605633802818,1.3312499999999998,0.420075,23856.580500488628,31.248725682996017
5,buys <= 41,buys,41.0,<=,27,14.814814814814813,7.4074074074074066,3.7037037037037033,11.214953271028037,1.3209876543209875,2.237216666666667,19795.62641857506,18.083412485337465
5,count_buy <= 41,count_buy,41.0,<=,27,14.814814814814813,7.4074074074074066,3.7037037037037033,11.214953271028037,1.3209876543209875,2.237216666666667,19795.62641857506,18.083412485337465
5,entry_liquidity <= 1.268e+04,entry_liquidity,12680.526884423458,<=,27,14.814814814814813,14.814814814814813,3.7037037037037033,11.214953271028037,1.3209876543209875,1.1302333333333332,17696.560595973868,10.34129912297962
5,holders_delta_pct >= 64.25,holders_delta_pct,64.24949290060852,>=,27,14.814814814814813,14.814814814814813,11.11111111111111,11.214953271028037,1.3209876543209875,2.284566666666667,24832.80700726102,42.11540632995319
5,buys_delta_pct >= 80.09,buys_delta_pct,80.09161381254404,>=,27,14.814814814814813,7.4074074074074066,7.4074074074074066,11.214953271028037,1.3209876543209875,1.4823333333333333,25335.36646588814,33.01166784788494
5,volume_delta_pct <= 28.48,volume_delta_pct,28.478831677242148,<=,27,14.814814814814813,7.4074074074074066,3.7037037037037033,11.214953271028037,1.3209876543209875,0.3891666666666667,19516.11479186697,9.138065952699904
5,volume_delta_pct >= 93.56,volume_delta_pct,93.55611943131551,>=,27,14.814814814814813,14.814814814814813,7.4074074074074066,11.214953271028037,1.3209876543209875,2.3293166666666663,23783.241837133843,33.01166784788494
5,liquidity_delta_pct <= 0.5243,liquidity_delta_pct,0.5243189856969778,<=,27,14.814814814814813,11.11111111111111,3.7037037037037033,11.214953271028037,1.3209876543209875,0.6422,19705.493794467842,-4.272081840223656
5,buys <= 59,buys,59.0,<=,56,14.285714285714285,10.714285714285714,7.142857142857142,11.214953271028037,1.2738095238095237,2.0519666666666665,20142.74441720247,18.55274109125557
5,count_buy <= 59,count_buy,59.0,<=,56,14.285714285714285,10.714285714285714,7.142857142857142,11.214953271028037,1.2738095238095237,2.0519666666666665,20142.74441720247,18.55274109125557
10,bundle_pct <= 30.9,bundle_pct,30.899489022466447,<=,81,11.11111111111111,7.4074074074074066,4.938271604938271,8.849557522123893,1.2555555555555555,2.2046333333333332,21662.593673565796,28.472741010147107
10,bundle_pct <= 12.06,bundle_pct,12.05674987283625,<=,27,11.11111111111111,3.7037037037037033,3.7037037037037033,8.849557522123893,1.2555555555555555,2.5585999999999998,21657.056879834498,25.472398312145717
10,sniper_pct >= 0.9468,sniper_pct,0.94681259488035,>=,27,11.11111111111111,7.4074074074074066,7.4074074074074066,8.849557522123893,1.2555555555555555,2.3293166666666663,27858.313524850815,62.274819888841115
3,bundle_pct <= 33.15,bundle_pct,33.149875503155,<=,69,13.043478260869565,10.144927536231885,7.246376811594203,10.416666666666668,1.2521739130434781,1.0844333333333334,20672.245846795002,21.05418308653558
3,bundle_delta <= -1.583,bundle_delta,-1.5829569029333497,<=,46,13.043478260869565,8.695652173913043,6.521739130434782,10.416666666666668,1.2521739130434781,1.1218249999999999,21699.639631162492,22.39572785431988
3,bundle_delta <= -5.994,bundle_delta,-5.993605019076974,<=,23,13.043478260869565,13.043478260869565,13.043478260869565,10.416666666666668,1.2521739130434781,1.34785,22746.96320904398,27.93049505016984
10,bundle_delta <= 0,bundle_delta,0.0,<=,82,10.975609756097562,7.317073170731707,4.878048780487805,8.849557522123893,1.2402439024390244,1.8990999999999998,22399.989180680444,28.20161803015847
1,entry_market_cap <= 2.03e+04,entry_market_cap,20301.684879148546,<=,36,13.88888888888889,5.555555555555555,5.555555555555555,11.267605633802818,1.2326388888888888,0.3046833333333333,17838.126745027155,2.767187418085924
1,entry_liquidity <= 1.331e+04,entry_liquidity,13310.803554949487,<=,36,13.88888888888889,5.555555555555555,5.555555555555555,11.267605633802818,1.2326388888888888,0.24014166666666667,17838.126745027155,1.4425116458902982
1,volume_delta_pct <= 33.35,volume_delta_pct,33.354567290951934,<=,36,13.88888888888889,0.0,0.0,11.267605633802818,1.2326388888888888,0.30593333333333333,19992.550247808314,9.538145393071218
1,avg_buy_size_delta_pct <= 4.241,avg_buy_size_delta_pct,4.241329479768779,<=,36,13.88888888888889,2.7777777777777777,2.7777777777777777,11.267605633802818,1.2326388888888888,0.3310666666666667,19661.366251723834,9.824786542739545
5,entry_liquidity <= 1.487e+04,entry_liquidity,14872.740505956303,<=,80,13.750000000000002,10.0,5.0,11.214953271028037,1.2260416666666667,1.288425,20318.640243997004,18.22621716589982
5,avg_buy_size_sol >= 1.393,avg_buy_size_sol,1.3933265925176945,>=,80,13.750000000000002,10.0,5.0,11.214953271028037,1.2260416666666667,1.4350416666666668,21870.694735533012,25.584085297983776
10,liq_to_mc_delta <= -0.03644,liq_to_mc_delta,-0.03643895559873073,<=,83,10.843373493975903,7.228915662650602,4.819277108433735,8.849557522123893,1.225301204819277,2.183783333333333,23298.16285243824,38.17668331159336
5,bundle_delta <= -2.199,bundle_delta,-2.198798716912398,<=,51,13.725490196078432,9.803921568627452,7.8431372549019605,11.214953271028037,1.223856209150327,2.16445,22125.37331438475,26.910817959631437
3,vol_to_mc <= 2.116,vol_to_mc,2.1159018467824735,<=,71,12.676056338028168,9.859154929577464,7.042253521126761,10.416666666666668,1.2169014084507042,0.79415,22125.37331438475,24.882211146425323
10,liq_to_mc >= 0.6379,liq_to_mc,0.6379123563902402,>=,56,10.714285714285714,7.142857142857142,3.571428571428571,8.849557522123893,1.2107142857142856,1.2165666666666666,19502.88599505546,15.520978357036755
10,liq_to_mc >= 0.6867,liq_to_mc,0.6866513198134128,>=,28,10.714285714285714,7.142857142857142,0.0,8.849557522123893,1.2107142857142856,0.7056916666666666,17750.320747000093,11.567831803297
10,liq_to_mc_delta <= -0.1501,liq_to_mc_delta,-0.15014532856130325,<=,28,10.714285714285714,7.142857142857142,7.142857142857142,8.849557522123893,1.2107142857142856,2.5353916666666665,30488.743909969453,82.88450678164287
10,vol_to_mc_delta <= 0.02811,vol_to_mc_delta,0.028111046243773613,<=,28,10.714285714285714,7.142857142857142,7.142857142857142,8.849557522123893,1.2107142857142856,0.88385,26402.01939563675,46.69304492343716
3,entry_liquidity <= 1.487e+04,entry_liquidity,14869.243893943258,<=,72,12.5,8.333333333333332,5.555555555555555,10.416666666666668,1.2,0.8507583333333333,20318.640243997004,15.77987214905092
3,avg_buy_size_sol >= 1.388,avg_buy_size_sol,1.3875570776255708,>=,72,12.5,8.333333333333332,5.555555555555555,10.416666666666668,1.2,0.921075,21596.247070599777,20.538901001933496
3,liquidity_delta_pct <= 13.77,liquidity_delta_pct,13.773140529127504,<=,72,12.5,8.333333333333332,5.555555555555555,10.416666666666668,1.2,0.9248666666666667,20378.71311615764,13.497078100338227
3,top10_delta >= -2.472,top10_delta,-2.4721664064686504,>=,72,12.5,8.333333333333332,5.555555555555555,10.416666666666668,1.2,0.921075,21425.191966229257,20.138409497020547
3,entry_market_cap >= 2.124e+04,entry_market_cap,21244.72729880952,>=,48,12.5,10.416666666666668,8.333333333333332,10.416666666666668,1.2,0.9876583333333333,25480.99784862297,41.663138905824624
3,liq_to_mc <= 0.6608,liq_to_mc,0.6607865850445876,<=,48,12.5,10.416666666666668,8.333333333333332,10.416666666666668,1.2,1.1073333333333333,25343.343357517067,40.87768676064778
3,vol_to_mc <= 1.658,vol_to_mc,1.6577756419546308,<=,48,12.5,10.416666666666668,6.25,10.416666666666668,1.2,0.6650083333333334,22837.310087059654,24.01340501847539
3,holders_delta >= 37.5,holders_delta,37.5,>=,48,12.5,10.416666666666668,8.333333333333332,10.416666666666668,1.2,1.1900166666666667,23540.70234478604,30.78294969489075
3,buys_delta_pct >= 46.31,buys_delta_pct,46.30952380952381,>=,48,12.5,8.333333333333332,8.333333333333332,10.416666666666668,1.2,1.0277,23112.90990875678,25.724417720803345
3,volume_delta_pct <= 47.96,volume_delta_pct,47.95933175849704,<=,48,12.5,8.333333333333332,6.25,10.416666666666668,1.2,0.6467583333333333,20545.13723047406,16.774691347596967
3,liq_to_mc_delta <= -0.07107,liq_to_mc_delta,-0.07107113393509634,<=,48,12.5,12.5,10.416666666666668,10.416666666666668,1.2,1.1073333333333333,24740.78628130547,40.87768676064778
3,entry_market_cap >= 2.542e+04,entry_market_cap,25416.15904888448,>=,24,12.5,12.5,12.5,10.416666666666668,1.2,0.857925,28818.641399768654,58.53800482641299
3,holders <= 116.8,holders,116.75,<=,24,12.5,4.166666666666666,0.0,10.416666666666668,1.2,0.41761666666666664,19764.09552464722,15.355630187024065
3,holders >= 185.5,holders,185.5,>=,24,12.5,12.5,8.333333333333332,10.416666666666668,1.2,1.6695083333333334,24482.22150983612,31.45136570228321
3,volume_usd <= 2.643e+04,volume_usd,26433.38500906127,<=,24,12.5,12.5,8.333333333333332,10.416666666666668,1.2,0.41761666666666664,20099.391229426576,15.355630187024065
3,vol_1h <= 2.643e+04,vol_1h,26433.38500906127,<=,24,12.5,12.5,8.333333333333332,10.416666666666668,1.2,0.41761666666666664,20099.391229426576,15.355630187024065
3,entry_liquidity <= 1.252e+04,entry_liquidity,12517.852032464258,<=,24,12.5,12.5,8.333333333333332,10.416666666666668,1.2,1.0024416666666667,16976.56176589676,4.199494216947192
3,top10_holder_pct >= 25.41,top10_holder_pct,25.409937174243925,>=,24,12.5,8.333333333333332,8.333333333333332,10.416666666666668,1.2,0.38175,20553.65807961119,17.651853650187725
3,liq_to_mc <= 0.591,liq_to_mc,0.5910224446075103,<=,24,12.5,12.5,8.333333333333332,10.416666666666668,1.2,0.857925,28408.56962070187,50.614092073363196
3,vol_to_mc <= 1.123,vol_to_mc,1.1234034330283222,<=,24,12.5,12.5,8.333333333333332,10.416666666666668,1.2,0.53625,23476.18588334352,27.11290208396598
3,mc_delta_pct >= 41.44,mc_delta_pct,41.43700519376035,>=,24,12.5,12.5,12.5,10.416666666666668,1.2,1.1530666666666667,27632.93502389978,59.93929814121313
3,holders_delta_pct <= 20.98,holders_delta_pct,20.98443675889328,<=,24,12.5,4.166666666666666,0.0,10.416666666666668,1.2,0.43648333333333333,19449.43875851266,10.124756327439329
3,holders_delta_pct >= 58.37,holders_delta_pct,58.36821947091832,>=,24,12.5,12.5,8.333333333333332,10.416666666666668,1.2,1.2300916666666666,25050.449844765848,41.32995418477634
3,volume_delta_pct <= 23.94,volume_delta_pct,23.94459328346362,<=,24,12.5,4.166666666666666,4.166666666666666,10.416666666666668,1.2,0.335475,19553.881115827146,6.677133975130516
3,vol_to_mc_delta <= 0.02276,vol_to_mc_delta,0.02276429268614827,<=,24,12.5,8.333333333333332,8.333333333333332,10.416666666666668,1.2,0.820075,25480.99784862297,43.24921239146312
3,vol_to_mc_delta >= 0.5764,vol_to_mc_delta,0.5764112189645417,>=,24,12.5,8.333333333333332,4.166666666666666,10.416666666666668,1.2,1.2190999999999999,18562.860895829086,5.394522205555019
1,holders <= 143,holders,143.0,<=,37,13.513513513513514,5.405405405405405,5.405405405405405,11.267605633802818,1.1993243243243243,0.32085,19514.708422591455,9.308273962499468
1,avg_buy_size_sol >= 1.5,avg_buy_size_sol,1.5,>=,37,13.513513513513514,0.0,0.0,11.267605633802818,1.1993243243243243,0.30046666666666666,20957.015244030626,11.372872135684919
10,top10_holder_pct <= 25.15,top10_holder_pct,25.1451600728536,<=,85,10.588235294117647,5.88235294117647,3.5294117647058822,8.849557522123893,1.1964705882352942,2.183783333333333,22746.96320904398,32.93805808167874
10,avg_buy_size_sol >= 1.412,avg_buy_size_sol,1.411764705882353,>=,85,10.588235294117647,5.88235294117647,3.5294117647058822,8.849557522123893,1.1964705882352942,2.2046333333333332,22927.656965075323,31.67483583310002
10,mc_delta_pct >= 9.561,mc_delta_pct,9.560541708330076,>=,85,10.588235294117647,7.0588235294117645,4.705882352941177,8.849557522123893,1.1964705882352942,2.2046333333333332,23850.440279178285,38.252618225708886
10,liquidity_delta_pct >= 1.398,liquidity_delta_pct,1.397845707428149,>=,85,10.588235294117647,5.88235294117647,3.5294117647058822,8.849557522123893,1.1964705882352942,2.2049833333333333,22746.96320904398,33.01166784788494
1,bundle_pct >= 17.81,bundle_pct,17.8091801452721,>=,52,13.461538461538462,3.8461538461538463,3.8461538461538463,11.267605633802818,1.1947115384615383,0.37077499999999997,20468.6813225674,15.520978357036755
1,bundle_delta <= 1.004,bundle_delta,1.0043891749746976,<=,52,13.461538461538462,1.9230769230769231,1.9230769230769231,11.267605633802818,1.1947115384615383,0.3456916666666667,19661.366251723834,9.021632812831141
10,holders >= 164,holders,164.0,>=,57,10.526315789473683,7.017543859649122,5.263157894736842,8.849557522123893,1.1894736842105262,2.5585999999999998,24648.76555534992,40.935297981865375
10,top10_holder_pct >= 23.14,top10_holder_pct,23.1419793793474,>=,57,10.526315789473683,5.263157894736842,3.508771929824561,8.849557522123893,1.1894736842105262,1.4576666666666667,22125.37331438475,28.472741010147107
10,holders_delta_pct >= 43.02,holders_delta_pct,43.02325581395349,>=,57,10.526315789473683,5.263157894736842,3.508771929824561,8.849557522123893,1.1894736842105262,2.3293166666666663,25351.320249145996,43.63289461372202
10,volume_delta_pct >= 62.8,volume_delta_pct,62.798443144599844,>=,57,10.526315789473683,5.263157894736842,3.508771929824561,8.849557522123893,1.1894736842105262,2.6194166666666665,23683.25412007015,39.871360983136476
10,top10_delta >= -1.091,top10_delta,-1.0908019890339986,>=,57,10.526315789473683,8.771929824561402,5.263157894736842,8.849557522123893,1.1894736842105262,1.6589666666666667,22610.182442575406,27.93049505016984
5,liq_to_mc <= 0.6517,liq_to_mc,0.6516620652818248,<=,53,13.20754716981132,11.320754716981133,7.547169811320755,11.214953271028037,1.1776729559748427,1.4120666666666668,25689.82750215365,42.37938844936583
5,vol_to_mc >= 1.72,vol_to_mc,1.720257044983302,>=,53,13.20754716981132,9.433962264150944,5.660377358490567,11.214953271028037,1.1776729559748427,2.2049833333333333,21215.548649678803,25.472398312145717
5,liq_to_mc_delta <= -0.07755,liq_to_mc_delta,-0.07754660995089557,<=,53,13.20754716981132,13.20754716981132,7.547169811320755,11.214953271028037,1.1776729559748427,1.4576666666666667,24832.80700726102,42.11540632995319
5,vol_to_mc_delta >= 0.21,vol_to_mc_delta,0.2100250354019011,>=,53,13.20754716981132,9.433962264150944,3.7735849056603774,11.214953271028037,1.1776729559748427,1.8566833333333332,20577.607221724746,18.13919079267789
5,bundle_pct <= 32.92,bundle_pct,32.9153098461864,<=,76,13.157894736842104,10.526315789473683,6.578947368421052,11.214953271028037,1.1732456140350878,1.7285249999999999,20806.357275696268,23.898052362141108
1,holders >= 110.5,holders,110.5,>=,53,13.20754716981132,1.8867924528301887,1.8867924528301887,11.267605633802818,1.1721698113207546,0.39443333333333336,20418.02861415312,13.280700000251716
1,top10_holder_pct <= 26.45,top10_holder_pct,26.451438523330502,<=,53,13.20754716981132,1.8867924528301887,1.8867924528301887,11.267605633802818,1.1721698113207546,0.35736666666666667,20418.02861415312,10.796618276479197
1,liq_to_mc >= 0.6134,liq_to_mc,0.6133545510841396,>=,53,13.20754716981132,3.7735849056603774,3.7735849056603774,11.267605633802818,1.1721698113207546,0.3412833333333333,19135.585949312208,4.21620199756113
1,vol_to_mc >= 1.123,vol_to_mc,1.1234034330283222,>=,53,13.20754716981132,1.8867924528301887,1.8867924528301887,11.267605633802818,1.1721698113207546,0.35991666666666666,19591.64743978732,10.796618276479197
1,mc_delta_pct <= 32.97,mc_delta_pct,32.974862964781835,<=,53,13.20754716981132,3.7735849056603774,3.7735849056603774,11.267605633802818,1.1721698113207546,0.29101666666666665,19346.1778009979,3.541977277819734
1,holders_delta <= 55,holders_delta,55.0,<=,53,13.20754716981132,3.7735849056603774,3.7735849056603774,11.267605633802818,1.1721698113207546,0.3501,19731.08506366035,8.734991663162814
1,holders_delta_pct <= 48,holders_delta_pct,48.00415905863258,<=,53,13.20754716981132,3.7735849056603774,3.7735849056603774,11.267605633802818,1.1721698113207546,0.3501,19731.08506366035,8.734991663162814
1,liquidity_delta_pct <= 13.52,liquidity_delta_pct,13.517731209394451,<=,53,13.20754716981132,3.7735849056603774,3.7735849056603774,11.267605633802818,1.1721698113207546,0.29101666666666665,19371.08683190673,3.541977277819734
1,liq_to_mc_delta >= -0.1053,liq_to_mc_delta,-0.10525385413406885,>=,53,13.20754716981132,3.7735849056603774,3.7735849056603774,11.267605633802818,1.1721698113207546,0.31834999999999997,19346.1778009979,3.9013915962979437
1,vol_to_mc_delta >= 0.01567,vol_to_mc_delta,0.015666590777469347,>=,53,13.20754716981132,3.7735849056603774,3.7735849056603774,11.267605633802818,1.1721698113207546,0.3412833333333333,19135.585949312208,3.9013915962979437
10,entry_market_cap <= 1.937e+04,entry_market_cap,19371.08683190673,<=,29,10.344827586206897,6.896551724137931,0.0,8.849557522123893,1.1689655172413793,1.1134166666666667,17464.585210528203,3.2338019721050486
10,holders <= 117,holders,117.0,<=,29,10.344827586206897,3.4482758620689653,0.0,8.849557522123893,1.1689655172413793,0.63785,19936.543609507116,14.199791717062071
10,holders >= 216,holders,216.0,>=,29,10.344827586206897,3.4482758620689653,3.4482758620689653,8.849557522123893,1.1689655172413793,3.7708,26235.62909763002,58.643033510862175
10,buys <= 33,buys,33.0,<=,29,10.344827586206897,6.896551724137931,3.4482758620689653,8.849557522123893,1.1689655172413793,3.8525833333333335,22125.37331438475,25.472398312145717
10,count_buy <= 33,count_buy,33.0,<=,29,10.344827586206897,6.896551724137931,3.4482758620689653,8.849557522123893,1.1689655172413793,3.8525833333333335,22125.37331438475,25.472398312145717
10,volume_usd <= 2.914e+04,volume_usd,29142.93291770784,<=,29,10.344827586206897,6.896551724137931,3.4482758620689653,8.849557522123893,1.1689655172413793,0.48833333333333334,20262.238849346035,14.199791717062071
10,volume_usd >= 5.285e+04,volume_usd,52847.08171703168,>=,29,10.344827586206897,3.4482758620689653,3.4482758620689653,8.849557522123893,1.1689655172413793,3.8525833333333335,27715.34506540998,62.274819888841115
10,vol_1h <= 2.914e+04,vol_1h,29142.93291770784,<=,29,10.344827586206897,6.896551724137931,3.4482758620689653,8.849557522123893,1.1689655172413793,0.48833333333333334,20262.238849346035,14.199791717062071
10,vol_1h >= 5.285e+04,vol_1h,52847.08171703168,>=,29,10.344827586206897,3.4482758620689653,3.4482758620689653,8.849557522123893,1.1689655172413793,3.8525833333333335,27715.34506540998,62.274819888841115
10,entry_liquidity <= 1.278e+04,entry_liquidity,12779.520134925458,<=,29,10.344827586206897,10.344827586206897,6.896551724137931,8.849557522123893,1.1689655172413793,1.4576666666666667,17696.560595973868,10.34129912297962
10,top10_holder_pct <= 20.2,top10_holder_pct,20.201903263098,<=,29,10.344827586206897,6.896551724137931,6.896551724137931,8.849557522123893,1.1689655172413793,1.6003666666666667,24827.22339256265,26.910817959631437
10,mc_delta_pct >= 54.35,mc_delta_pct,54.35127110327943,>=,29,10.344827586206897,3.4482758620689653,3.4482758620689653,8.849557522123893,1.1689655172413793,3.4016333333333337,33761.07100130345,85.04631145583231
10,holders_delta <= 22,holders_delta,22.0,<=,29,10.344827586206897,6.896551724137931,3.4482758620689653,8.849557522123893,1.1689655172413793,0.63785,19936.543609507116,14.199791717062071
10,holders_delta_pct <= 22.64,holders_delta_pct,22.641509433962266,<=,29,10.344827586206897,6.896551724137931,3.4482758620689653,8.849557522123893,1.1689655172413793,0.6513166666666667,19591.64743978732,10.34129912297962
10,holders_delta_pct >= 89.41,holders_delta_pct,89.41176470588236,>=,29,10.344827586206897,3.4482758620689653,3.4482758620689653,8.849557522123893,1.1689655172413793,3.8321666666666667,28062.19295124063,62.274819888841115
10,buys_delta_pct <= 12.28,buys_delta_pct,12.280701754385964,<=,29,10.344827586206897,6.896551724137931,3.4482758620689653,8.849557522123893,1.1689655172413793,3.3716500000000003,21657.056879834498,25.472398312145717
10,avg_buy_size_delta_pct >= 19.65,avg_buy_size_delta_pct,19.648093841642222,>=,29,10.344827586206897,3.4482758620689653,0.0,8.849557522123893,1.1689655172413793,3.665833333333333,25668.820272934896,58.68478618315485
1,buys_delta <= 18,buys_delta,18.0,<=,38,13.157894736842104,5.263157894736842,5.263157894736842,11.267605633802818,1.1677631578947367,0.2869,19358.632316452313,5.074117626298259
3,buys <= 93,buys,93.0,<=,74,12.162162162162163,8.108108108108109,5.405405405405405,10.416666666666668,1.1675675675675676,0.820075,20815.087532885984,18.32073794560042
3,count_buy <= 93,count_buy,93.0,<=,74,12.162162162162163,8.108108108108109,5.405405405405405,10.416666666666668,1.1675675675675676,0.820075,20815.087532885984,18.32073794560042
5,entry_market_cap >= 2.158e+04,entry_market_cap,21576.477984518282,>=,54,12.962962962962962,11.11111111111111,7.4074074074074066,11.214953271028037,1.1558641975308641,1.3600166666666667,25840.358419211203,43.006141531543925
5,volume_usd >= 3.916e+04,volume_usd,39157.297748074,>=,54,12.962962962962962,11.11111111111111,7.4074074074074066,11.214953271028037,1.1558641975308641,2.1879166666666667,23030.941470272825,33.18213722659827
5,vol_1h >= 3.916e+04,vol_1h,39157.297748074,>=,54,12.962962962962962,11.11111111111111,7.4074074074074066,11.214953271028037,1.1558641975308641,2.1879166666666667,23030.941470272825,33.18213722659827
5,entry_liquidity <= 1.351e+04,entry_liquidity,13514.819385563393,<=,54,12.962962962962962,11.11111111111111,3.7037037037037033,11.214953271028037,1.1558641975308641,1.5290166666666667,18644.355016059206,14.550056559743304
5,top10_holder_pct >= 23.06,top10_holder_pct,23.0632658041357,>=,54,12.962962962962962,7.4074074074074066,5.555555555555555,11.214953271028037,1.1558641975308641,1.0791416666666667,21422.121888468773,25.612730734965286
5,mc_delta_pct >= 24.88,mc_delta_pct,24.882211146425323,>=,54,12.962962962962962,12.962962962962962,9.25925925925926,11.214953271028037,1.1558641975308641,1.68385,25256.17336109324,43.006141531543925
5,holders_delta_pct >= 40.48,holders_delta_pct,40.476190476190474,>=,54,12.962962962962962,11.11111111111111,5.555555555555555,11.214953271028037,1.1558641975308641,2.0105666666666666,24449.284783439904,37.38775055610558
5,volume_delta_pct >= 53.85,volume_delta_pct,53.85150448068789,>=,54,12.962962962962962,11.11111111111111,5.555555555555555,11.214953271028037,1.1558641975308641,2.052983333333333,22678.572825809693,27.691779484889274
5,liquidity_delta_pct <= 8.647,liquidity_delta_pct,8.647330544016341,<=,54,12.962962962962962,9.25925925925926,3.7037037037037033,11.214953271028037,1.1558641975308641,1.098925,20199.145811853436,6.863175354454924
5,top10_delta >= -0.6923,top10_delta,-0.6923478326946011,>=,54,12.962962962962962,9.25925925925926,5.555555555555555,11.214953271028037,1.1558641975308641,1.4350416666666668,21893.983493975273,22.715081125501527
3,buys_delta <= 8,buys_delta,8.0,<=,25,12.0,12.0,8.0,10.416666666666668,1.152,1.9415166666666666,19795.62641857506,17.037914038207877
1,sniper_delta <= 0,sniper_delta,0.0,<=,62,12.903225806451612,3.225806451612903,3.225806451612903,11.267605633802818,1.1451612903225805,0.35350000000000004,19833.81433658373,10.568958699729409
5,holders >= 160,holders,160.0,>=,55,12.727272727272727,12.727272727272727,7.2727272727272725,11.214953271028037,1.1348484848484848,2.183783333333333,23298.16285243824,29.89106355668148
5,vol_to_mc >= 1.157,vol_to_mc,1.157084660626847,>=,79,12.658227848101266,8.860759493670885,5.063291139240507,11.214953271028037,1.128691983122363,1.5110166666666667,21267.765792419264,24.343595625438088
5,liq_to_mc_delta <= -0.03031,liq_to_mc_delta,-0.030312715772389365,<=,79,12.658227848101266,11.39240506329114,6.329113924050633,11.214953271028037,1.128691983122363,1.6003666666666667,22610.182442575406,30.14459278730791
5,top10_holder_pct >= 20.25,top10_holder_pct,20.25169144808435,>=,80,12.5,8.75,3.75,11.214953271028037,1.1145833333333333,1.288425,21270.835870179748,24.01340501847539
5,buys_delta >= 6.5,buys_delta,6.5,>=,80,12.5,8.75,5.0,11.214953271028037,1.1145833333333333,0.9356333333333333,22678.572825809693,26.390207152540583
5,buys_delta_pct >= 19.26,buys_delta_pct,19.25925925925926,>=,80,12.5,8.75,5.0,11.214953271028037,1.1145833333333333,1.0588833333333334,22678.572825809693,27.594930488500893
5,liquidity_delta_pct <= 15.29,liquidity_delta_pct,15.294227557246987,<=,80,12.5,8.75,5.0,11.214953271028037,1.1145833333333333,1.2684833333333332,20450.509313698516,16.774691347596967
5,bundle_delta <= 0,bundle_delta,0.0,<=,80,12.5,10.0,6.25,11.214953271028037,1.1145833333333333,1.4350416666666668,21530.304073580126,25.17730472928552
5,top10_delta >= -2.597,top10_delta,-2.597211946730651,>=,80,12.5,8.75,5.0,11.214953271028037,1.1145833333333333,1.3799583333333334,21241.657221049034,20.724338511170515
5,avg_buy_size_delta_pct >= -0.4582,avg_buy_size_delta_pct,-0.45822299142982637,>=,80,12.5,10.0,5.0,11.214953271028037,1.1145833333333333,1.1671833333333335,21596.247070599777,25.811329751617293
3,holders_delta <= 18,holders_delta,18.0,<=,26,11.538461538461538,3.8461538461538463,0.0,10.416666666666668,1.1076923076923078,0.4479666666666667,19764.09552464722,13.497078100338227
5,buys <= 84,buys,84.0,<=,81,12.345679012345679,8.641975308641975,4.938271604938271,11.214953271028037,1.1008230452674896,1.5110166666666667,21215.548649678803,20.39449393580545
5,count_buy <= 84,count_buy,84.0,<=,81,12.345679012345679,8.641975308641975,4.938271604938271,11.214953271028037,1.1008230452674896,1.5110166666666667,21215.548649678803,20.39449393580545
3,bundle_delta <= 0,bundle_delta,0.0,<=,70,11.428571428571429,8.571428571428571,5.714285714285714,10.416666666666668,1.097142857142857,0.9312166666666666,21244.72729880952,19.593366289597423
1,buys_delta >= 9,buys_delta,9.0,>=,57,12.280701754385964,3.508771929824561,3.508771929824561,11.267605633802818,1.0899122807017543,0.39443333333333336,20519.33403098168,11.372872135684919
10,vol_to_mc >= 1.182,vol_to_mc,1.1818543983339378,>=,83,9.63855421686747,4.819277108433735,3.614457831325301,8.849557522123893,1.0891566265060242,2.183783333333333,22019.244256370428,29.485783518107095
10,vol_to_mc <= 2.312,vol_to_mc,2.311555307966964,<=,83,9.63855421686747,6.024096385542169,4.819277108433735,8.849557522123893,1.0891566265060242,1.1302333333333332,22746.96320904398,29.485783518107095
5,buys_delta <= 33,buys_delta,33.0,<=,82,12.195121951219512,8.536585365853659,4.878048780487805,11.214953271028037,1.0873983739837398,1.4350416666666668,20840.97340479285,20.724338511170515
3,liq_to_mc <= 0.6968,liq_to_mc,0.696788027441499,<=,71,11.267605633802818,8.450704225352112,7.042253521126761,10.416666666666668,1.0816901408450703,0.9419833333333333,22998.893697286716,27.236828427157782
3,liq_to_mc_delta <= -0.01707,liq_to_mc_delta,-0.017074533486548416,<=,71,11.267605633802818,9.859154929577464,7.042253521126761,10.416666666666668,1.0816901408450703,1.1302333333333332,22746.96320904398,28.279043017370352
3,entry_market_cap >= 1.861e+04,entry_market_cap,18611.599263101634,>=,72,11.11111111111111,8.333333333333332,6.944444444444445,10.416666666666668,1.0666666666666667,0.9356333333333333,23084.01181341996,28.104769033770097
3,volume_usd <= 4.429e+04,volume_usd,44287.455882387745,<=,72,11.11111111111111,8.333333333333332,5.555555555555555,10.416666666666668,1.0666666666666667,0.74335,20400.206603910214,19.33728185081252
3,vol_1h <= 4.429e+04,vol_1h,44287.455882387745,<=,72,11.11111111111111,8.333333333333332,5.555555555555555,10.416666666666668,1.0666666666666667,0.74335,20400.206603910214,19.33728185081252
3,top10_holder_pct >= 20.18,top10_holder_pct,20.1797871211297,>=,72,11.11111111111111,6.944444444444445,4.166666666666666,10.416666666666668,1.0666666666666667,0.6650083333333334,20922.399114934044,19.593366289597423
3,mc_delta_pct >= 3.999,mc_delta_pct,3.999110594093253,>=,72,11.11111111111111,9.722222222222223,6.944444444444445,10.416666666666668,1.0666666666666667,1.1900166666666667,22755.341648575697,28.37589201375873
3,buys_delta <= 30.75,buys_delta,30.75,<=,72,11.11111111111111,8.333333333333332,5.555555555555555,10.416666666666668,1.0666666666666667,0.820075,20672.702834268173,18.560235497734247
3,buys_delta_pct >= 20.8,buys_delta_pct,20.799715234931185,>=,72,11.11111111111111,6.944444444444445,5.555555555555555,10.416666666666668,1.0666666666666667,0.843525,22678.572825809693,25.28899171512358
3,volume_delta_pct <= 78.91,volume_delta_pct,78.90740084262995,<=,72,11.11111111111111,6.944444444444445,4.166666666666666,10.416666666666668,1.0666666666666667,0.7881750000000001,20693.524155721512,17.588552415442884
3,avg_buy_size_delta_pct >= -0.519,avg_buy_size_delta_pct,-0.5189870613257713,>=,72,11.11111111111111,8.333333333333332,5.555555555555555,10.416666666666668,1.0666666666666667,0.7711333333333333,21396.013317098543,20.724338511170515
10,entry_liquidity <= 1.523e+04,entry_liquidity,15229.511172301764,<=,85,9.411764705882353,7.0588235294117645,4.705882352941177,8.849557522123893,1.0635294117647058,1.4124166666666667,20713.88848970168,21.05418308653558
10,avg_buy_size_sol <= 1.784,avg_buy_size_sol,1.7837837837837838,<=,85,9.411764705882353,7.0588235294117645,4.705882352941177,8.849557522123893,1.0635294117647058,1.4120666666666668,21616.016156681275,26.910817959631437
10,liquidity_delta_pct <= 18.28,liquidity_delta_pct,18.27538070207989,<=,85,9.411764705882353,7.0588235294117645,4.705882352941177,8.849557522123893,1.0635294117647058,1.3079666666666665,20673.159821741345,19.882325058235644
10,top10_delta >= -3.386,top10_delta,-3.385928787930757,>=,85,9.411764705882353,7.0588235294117645,4.705882352941177,8.849557522123893,1.0635294117647058,1.4124166666666667,22019.244256370428,25.753063157784855
10,avg_buy_size_delta_pct >= 0.1512,avg_buy_size_delta_pct,0.1512401693889917,>=,85,9.411764705882353,5.88235294117647,3.5294117647058822,8.849557522123893,1.0635294117647058,1.4576666666666667,22019.244256370428,28.472741010147107
10,holders_delta >= 22,holders_delta,22.0,>=,86,9.30232558139535,5.813953488372093,4.651162790697675,8.849557522123893,1.0511627906976744,2.1890833333333335,23490.708486254196,33.18213722659827
1,sniper_pct >= 0,sniper_pct,0.0,>=,68,11.76470588235294,2.941176470588235,2.941176470588235,11.267605633802818,1.0441176470588236,0.35350000000000004,20095.279520731696,11.084745206082058
10,buys <= 84,buys,84.0,<=,87,9.195402298850574,5.747126436781609,3.4482758620689653,8.849557522123893,1.0390804597701149,2.183783333333333,21662.593673565796,25.753063157784855
10,count_buy <= 84,count_buy,84.0,<=,87,9.195402298850574,5.747126436781609,3.4482758620689653,8.849557522123893,1.0390804597701149,2.183783333333333,21662.593673565796,25.753063157784855
10,buys_delta >= 4,buys_delta,4.0,>=,87,9.195402298850574,4.597701149425287,3.4482758620689653,8.849557522123893,1.0390804597701149,1.1302333333333332,22746.96320904398,29.485783518107095
1,bundle_pct <= 36.58,bundle_pct,36.5762866520462,<=,52,11.538461538461538,1.9230769230769231,1.9230769230769231,11.267605633802818,1.0240384615384617,0.37205,19764.09552464722,11.578868086596456
3,buys_delta >= 8,buys_delta,8.0,>=,75,10.666666666666668,6.666666666666667,5.333333333333334,10.416666666666668,1.024,0.84105,22386.90320689519,24.343595625438088
5,liq_to_mc <= 0.6884,liq_to_mc,0.6883976392298472,<=,79,11.39240506329114,8.860759493670885,6.329113924050633,11.214953271028037,1.0158227848101267,1.3079666666666665,23169.1299295532,29.426339574284178
5,vol_to_mc <= 2.139,vol_to_mc,2.1393930841775126,<=,79,11.39240506329114,8.860759493670885,6.329113924050633,11.214953271028037,1.0158227848101267,0.9419833333333333,22386.90320689519,25.753063157784855
5,vol_to_mc_delta >= 0.02479,vol_to_mc_delta,0.02478713455194359,>=,79,11.39240506329114,8.860759493670885,3.79746835443038,11.214953271028037,1.0158227848101267,1.34785,20673.159821741345,21.05418308653558
1,bundle_pct >= 25.43,bundle_pct,25.431367905215442,>=,35,11.428571428571429,5.714285714285714,5.714285714285714,11.267605633802818,1.0142857142857142,0.3841833333333333,20713.88848970168,14.530488057087453
1,bundle_pct <= 25.43,bundle_pct,25.431367905215442,<=,35,11.428571428571429,0.0,0.0,11.267605633802818,1.0142857142857142,0.35690000000000005,19591.64743978732,10.796618276479197
10,liq_to_mc <= 0.6379,liq_to_mc,0.6379123563902402,<=,56,8.928571428571429,5.357142857142857,5.357142857142857,8.849557522123893,1.0089285714285714,2.1845416666666666,26774.804128252923,54.21439589785912
10,vol_to_mc >= 1.798,vol_to_mc,1.7978380635866098,>=,56,8.928571428571429,5.357142857142857,3.571428571428571,8.849557522123893,1.0089285714285714,2.5353916666666665,21840.918964968114,32.31124203590627
10,vol_to_mc <= 1.798,vol_to_mc,1.7978380635866098,<=,56,8.928571428571429,5.357142857142857,3.571428571428571,8.849557522123893,1.0089285714285714,0.8176,22837.310087059654,27.016053087577603
10,liq_to_mc_delta >= -0.08525,liq_to_mc_delta,-0.08525300667598368,>=,56,8.928571428571429,3.571428571428571,1.7857142857142856,8.849557522123893,1.0089285714285714,1.073375,19821.01870198748,11.025598401985036
10,liq_to_mc_delta <= -0.08525,liq_to_mc_delta,-0.08525300667598368,<=,56,8.928571428571429,7.142857142857142,5.357142857142857,8.849557522123893,1.0089285714285714,2.410875,25510.070261040448,53.55409770536641
10,vol_to_mc_delta >= 0.3094,vol_to_mc_delta,0.30939110380509416,>=,56,8.928571428571429,3.571428571428571,1.7857142857142856,8.849557522123893,1.0089285714285714,2.3766749999999996,21530.304073580126,23.898052362141108
10,vol_to_mc_delta <= 0.3094,vol_to_mc_delta,0.30939110380509416,<=,56,8.928571428571429,7.142857142857142,5.357142857142857,8.849557522123893,1.0089285714285714,0.7881750000000001,23509.785104365743,32.942853160195625
1,holders <= 166.5,holders,166.5,<=,53,11.320754716981133,3.7735849056603774,3.7735849056603774,11.267605633802818,1.0047169811320755,0.35736666666666667,19591.64743978732,9.308273962499468
1,volume_usd >= 2.396e+04,volume_usd,23957.3233815048,>=,53,11.320754716981133,0.0,0.0,11.267605633802818,1.0047169811320755,0.3841833333333333,20713.88848970168,13.280700000251716
1,vol_1h >= 2.396e+04,vol_1h,23957.3233815048,>=,53,11.320754716981133,0.0,0.0,11.267605633802818,1.0047169811320755,0.3841833333333333,20713.88848970168,13.280700000251716
1,entry_liquidity <= 1.443e+04,entry_liquidity,14434.248054084499,<=,53,11.320754716981133,3.7735849056603774,3.7735849056603774,11.267605633802818,1.0047169811320755,0.31834999999999997,19135.585949312208,4.031683593358356
1,avg_buy_size_sol >= 1.386,avg_buy_size_sol,1.3862252663622527,>=,53,11.320754716981133,1.8867924528301887,1.8867924528301887,11.267605633802818,1.0047169811320755,0.35736666666666667,20418.02861415312,10.796618276479197
1,buys_delta_pct >= 23.61,buys_delta_pct,23.61111111111111,>=,53,11.320754716981133,1.8867924528301887,1.8867924528301887,11.267605633802818,1.0047169811320755,0.3970666666666667,20519.33403098168,14.199791717062071
1,buys_delta_pct <= 65.19,buys_delta_pct,65.18876207199298,<=,53,11.320754716981133,3.7735849056603774,3.7735849056603774,11.267605633802818,1.0047169811320755,0.3412833333333333,20301.684879148546,10.34129912297962
1,volume_delta_pct >= 16.7,volume_delta_pct,16.702947255367143,>=,53,11.320754716981133,3.7735849056603774,3.7735849056603774,11.267605633802818,1.0047169811320755,0.4061333333333333,20519.33403098168,14.530488057087453
1,volume_delta_pct <= 59.5,volume_delta_pct,59.495650403204785,<=,53,11.320754716981133,1.8867924528301887,1.8867924528301887,11.267605633802818,1.0047169811320755,0.35690000000000005,20301.684879148546,11.372872135684919
1,top10_delta >= -2.566,top10_delta,-2.566428183713949,>=,53,11.320754716981133,3.7735849056603774,3.7735849056603774,11.267605633802818,1.0047169811320755,0.3841833333333333,20418.02861415312,10.34129912297962
5,entry_market_cap >= 1.864e+04,entry_market_cap,18644.355016059206,>=,80,11.25,8.75,6.25,11.214953271028037,1.003125,1.3279083333333332,23233.64639099572,30.017828171994694
5,entry_market_cap <= 2.584e+04,entry_market_cap,25840.358419211203,<=,80,11.25,7.5,2.5,11.214953271028037,1.003125,1.3799583333333334,20318.640243997004,18.111301639007678
5,holders >= 116.5,holders,116.5,>=,80,11.25,10.0,6.25,11.214953271028037,1.003125,1.496675,22508.859737572286,27.420656504900638
5,volume_usd >= 2.896e+04,volume_usd,28961.34946675974,>=,80,11.25,8.75,5.0,11.214953271028037,1.003125,2.00955,22399.989180680444,28.104769033770097
5,vol_1h >= 2.896e+04,vol_1h,28961.34946675974,>=,80,11.25,8.75,5.0,11.214953271028037,1.003125,2.00955,22399.989180680444,28.104769033770097
5,top10_holder_pct <= 25.33,top10_holder_pct,25.332236186304648,<=,80,11.25,8.75,3.75,11.214953271028037,1.003125,1.5556916666666667,21891.215097109623,27.420656504900638
5,avg_buy_size_sol <= 1.732,avg_buy_size_sol,1.7320574162679425,<=,80,11.25,7.5,3.75,11.214953271028037,1.003125,1.3799583333333334,21086.281946854717,25.01968395462996
5,mc_delta_pct >= 6.863,mc_delta_pct,6.863175354454924,>=,80,11.25,10.0,6.25,11.214953271028037,1.003125,1.757825,22755.341648575697,32.30644695738938
5,mc_delta_pct <= 43.01,mc_delta_pct,43.006141531543925,<=,80,11.25,7.5,3.75,11.214953271028037,1.003125,1.2165666666666666,20318.640243997004,16.774691347596967
5,holders_delta >= 19,holders_delta,19.0,>=,80,11.25,10.0,6.25,11.214953271028037,1.003125,1.47,22675.803764861426,28.37589201375873
5,holders_delta_pct >= 21.76,holders_delta_pct,21.758085324080252,>=,80,11.25,10.0,6.25,11.214953271028037,1.003125,1.4350416666666668,22845.688526591366,30.017828171994694
