condition,feature,threshold,direction,tokens,survived,survival_pct,lift_over_baseline,median_first_vlak_mc,median_age_minutes
first_call_market_cap >= 6.837e+04,first_call_market_cap,68372.73093719604,>=,73,25,34.24657534246575,1.3774313176417163,301658.4605486445,0.39036823333333337
avg_buy_size_sol >= 2.27,avg_buy_size_sol,2.2702797202797207,>=,73,25,34.24657534246575,1.3774313176417163,191059.3540560249,0.3978112166666667
chg_24h >= 11.54,chg_24h,11.535160000000003,>=,73,24,32.87671232876712,1.3223340649360478,83955.82590955583,0.4585513166666667
holders >= 151.2,holders,151.25,>=,182,59,32.417582417582416,1.3038674033149171,18225.08297869262,0.582375475
chg_1h >= 10.36,chg_1h,10.356320000000004,>=,73,23,31.506849315068493,1.267236812230379,50895.41441999507,0.39120971666666665
first_call_market_cap >= 1.644e+04,first_call_market_cap,16444.951567765893,>=,182,57,31.318681318681318,1.2596685082872927,41955.27592086124,0.34756804166666666
dev_hold_percent >= 3.461,dev_hold_percent,3.4612903225806,>=,68,21,30.88235294117647,1.2421189470263243,18325.758413850785,0.3704358333333333
chg_24h >= 8.11,chg_24h,8.11035,>=,182,55,30.21978021978022,1.2154696132596685,26045.196723890203,0.3457497583333333
liq_to_mc <= 0.6448,liq_to_mc,0.6448393743761929,<=,182,55,30.21978021978022,1.2154696132596685,44406.04241711703,0.3457497583333333
chg_1h >= 7.684,chg_1h,7.684375,>=,182,52,28.57142857142857,1.149171270718232,23317.612505029254,0.31686468333333334
age_minutes >= 0.9479,age_minutes,0.9479245208333333,>=,182,52,28.57142857142857,1.149171270718232,16007.930189783561,2.223555741666667
dev_hold_percent >= 0.06888,dev_hold_percent,0.06888074082282816,>=,165,47,28.484848484848484,1.1456889335342373,17652.936729550234,0.40041838333333335
holders >= 188,holders,188.0,>=,74,21,28.37837837837838,1.1414065999701357,25823.0403249573,0.6093445166666667
market_cap >= 2.179e+04,market_cap,21787.604656573603,>=,182,51,28.021978021978022,1.12707182320442,44406.04241711703,0.32891994166666666
holders >= 118,holders,118.0,>=,372,104,27.956989247311824,1.1244579100576249,17147.934351551696,0.52566105
avg_buy_size_sol <= 1.296,avg_buy_size_sol,1.2962962962962963,<=,183,51,27.86885245901639,1.1209129607825377,16202.309640928492,0.5102624833333333
first_call_market_cap >= 1.402e+04,first_call_market_cap,14015.649640170266,>=,364,101,27.747252747252748,1.1160220994475138,19318.017244723,0.34983081666666666
sniper_hold_percent >= 1.729e-07,sniper_hold_percent,1.7291420000000002e-07,>=,338,93,27.514792899408285,1.1066723331916704,18705.777535217414,0.39283080833333334
sniper_pct >= 1.729e-07,sniper_pct,1.7291420000000002e-07,>=,338,93,27.514792899408285,1.1066723331916704,18705.777535217414,0.39283080833333334
age_minutes >= 0.2573,age_minutes,0.25733440416666664,>=,546,150,27.472527472527474,1.1049723756906078,16751.135238770687,0.5715713083333334
market_cap >= 8.739e+04,market_cap,87394.48195100552,>=,73,20,27.397260273972602,1.101945054113373,302940.93634276977,0.4011395833333333
avg_buy_size_sol >= 1.692,avg_buy_size_sol,1.6923076923076923,>=,183,50,27.322404371584703,1.098934275276998,37156.13171517332,0.36428438333333335
avg_buy_size_sol <= 1.444,avg_buy_size_sol,1.4444444444444444,<=,368,100,27.173913043478258,1.0929618063896227,16286.187650231303,0.46584135833333334
top10_percent <= 27.12,top10_percent,27.116341797211803,<=,545,146,26.788990825688074,1.077479851994526,16882.194112578636,0.43703610000000004
top10_holder_pct <= 27.12,top10_holder_pct,27.116341797211803,<=,545,146,26.788990825688074,1.077479851994526,16882.194112578636,0.43703610000000004
bundle_hold_percent <= 11.34,bundle_hold_percent,11.33627527889945,<=,165,44,26.666666666666668,1.07255985267035,16678.303879180676,0.5433495666666667
bundle_pct <= 11.34,bundle_pct,11.33627527889945,<=,165,44,26.666666666666668,1.07255985267035,16678.303879180676,0.5433495666666667
chg_24h >= 6.605,chg_24h,6.6052,>=,364,97,26.64835164835165,1.0718232044198894,19275.988211309712,0.3524873833333333
top10_percent <= 24.02,top10_percent,24.02322356062108,<=,364,97,26.64835164835165,1.0718232044198894,16996.956069610547,0.44918478333333334
top10_holder_pct <= 24.02,top10_holder_pct,24.02322356062108,<=,364,97,26.64835164835165,1.0718232044198894,16996.956069610547,0.44918478333333334
sniper_hold_percent >= 1.31,sniper_hold_percent,1.3098165045757186,>=,169,45,26.627218934911244,1.0709732256693583,17697.068879394985,0.37012325
sniper_pct >= 1.31,sniper_pct,1.3098165045757186,>=,169,45,26.627218934911244,1.0709732256693583,17697.068879394985,0.37012325
count_buy <= 22,count_buy,22.0,<=,189,50,26.455026455026452,1.0640474728872518,17291.038578507378,0.39120971666666665
top10_percent <= 21.12,top10_percent,21.1179506789723,<=,182,48,26.373626373626376,1.0607734806629834,17671.13009796189,0.4291817166666667
vol_to_mc <= 0.9763,vol_to_mc,0.9762939346875176,<=,182,48,26.373626373626376,1.0607734806629834,22013.71365888638,0.3145536666666667
top10_holder_pct <= 21.12,top10_holder_pct,21.1179506789723,<=,182,48,26.373626373626376,1.0607734806629834,17671.13009796189,0.4291817166666667
count_buy >= 59,count_buy,59.0,>=,183,48,26.229508196721312,1.054976904265918,17289.60349814131,0.36428438333333335
buys <= 22,buys,22.0,<=,183,48,26.229508196721312,1.054976904265918,17324.732354303356,0.3725061833333333
buys >= 59,buys,59.0,>=,183,48,26.229508196721312,1.054976904265918,17289.60349814131,0.36428438333333335
vol_24h >= 5.707e+04,vol_24h,57074.16797363899,>=,73,19,26.027397260273972,1.0468478014077045,55406.07911780964,0.5216269166666667
age_minutes >= 2.76,age_minutes,2.7602026933333392,>=,73,19,26.027397260273972,1.0468478014077045,16481.01547415272,7.351545466666667
vol_1h <= 3.66e+04,vol_1h,36595.06443126479,<=,546,141,25.82417582417583,1.0386740331491713,16711.346109999668,0.38100843333333334
chg_1h >= 5.572,chg_1h,5.57175,>=,546,141,25.82417582417583,1.0386740331491713,17275.50808180875,0.3927901916666667
chg_24h >= 5.731,chg_24h,5.730925,>=,546,141,25.82417582417583,1.0386740331491713,17542.17422740398,0.3893492416666667
volume_usd <= 3.66e+04,volume_usd,36595.06443126479,<=,546,141,25.82417582417583,1.0386740331491713,16711.346109999668,0.38100843333333334
age_minutes >= 0.4015,age_minutes,0.40149202500000003,>=,364,94,25.82417582417583,1.0386740331491713,16215.137063886403,0.951029075
liquidity <= 1.182e+04,liquidity,11819.900505061507,<=,182,47,25.82417582417583,1.0386740331491713,15197.374801103648,0.4507689416666667
liquidity >= 1.332e+04,liquidity,13323.559806280107,>=,182,47,25.82417582417583,1.0386740331491713,23256.25141021992,0.33826846666666666
sniper_hold_percent <= 6.659,sniper_hold_percent,6.6593146540844,<=,608,157,25.822368421052634,1.038601337598139,16867.461911736144,0.4080642166666667
sniper_pct <= 6.659,sniper_pct,6.6593146540844,<=,608,157,25.822368421052634,1.038601337598139,16867.461911736144,0.4080642166666667
bundle_hold_percent >= 21.06,bundle_hold_percent,21.0606786147287,>=,330,85,25.757575757575758,1.035995312238406,17050.357003451412,0.34747785000000003
bundle_pct >= 21.06,bundle_pct,21.0606786147287,>=,330,85,25.757575757575758,1.035995312238406,17050.357003451412,0.34747785000000003
bundle_hold_percent <= 41.09,bundle_hold_percent,41.088115229138545,<=,594,152,25.589225589225588,1.0292241010473056,16374.019370501246,0.43940065833333336
bundle_pct <= 41.09,bundle_pct,41.088115229138545,<=,594,152,25.589225589225588,1.0292241010473056,16374.019370501246,0.43940065833333336
vol_to_mc <= 1.985,vol_to_mc,1.9854486420278472,<=,544,139,25.551470588235293,1.0277055573610658,17406.213676816384,0.35393287500000004
buy_volume_sol >= 58.5,buy_volume_sol,58.5,>=,364,93,25.549450549450547,1.027624309392265,17559.826749679363,0.37851085
buy_volume_sol <= 118,buy_volume_sol,118.0,<=,656,167,25.45731707317073,1.0239186093518393,16778.847952319455,0.4080642166666667
bundle_hold_percent <= 30.3,bundle_hold_percent,30.298881674075176,<=,495,126,25.454545454545453,1.0238071320944249,16324.014572533308,0.4878399666666667
bundle_pct <= 30.3,bundle_pct,30.298881674075176,<=,495,126,25.454545454545453,1.0238071320944249,16324.014572533308,0.4878399666666667
vol_to_mc <= 2.646,vol_to_mc,2.6458149439403393,<=,653,166,25.42113323124043,1.0224632592454714,17149.942522667236,0.38358585
total_buy >= 59,total_buy,59.0,>=,358,91,25.41899441340782,1.0223772338652426,17550.601475178526,0.3704358333333333
holders >= 93,holders,93.0,>=,548,139,25.364963503649633,1.020204056942372,16983.277242555094,0.44755520000000004
first_call_market_cap >= 1.31e+04,first_call_market_cap,13098.611175083639,>=,546,138,25.274725274725274,1.016574585635359,17575.83831325345,0.36806395000000003
buy_volume_sol <= 85.25,buy_volume_sol,85.25,<=,546,138,25.274725274725274,1.016574585635359,16663.91683952495,0.41048771666666667
vol_1h >= 2.707e+04,vol_1h,27071.27437569196,>=,364,92,25.274725274725274,1.016574585635359,17273.12438688348,0.49133575
vol_24h >= 2.739e+04,vol_24h,27389.334339212117,>=,364,92,25.274725274725274,1.016574585635359,17367.795228800158,0.48687831666666664
volume_usd >= 2.716e+04,volume_usd,27163.46415993839,>=,364,92,25.274725274725274,1.016574585635359,17273.12438688348,0.49605469166666666
market_cap <= 1.557e+04,market_cap,15571.997953685068,<=,182,46,25.274725274725274,1.016574585635359,15062.1388634067,0.6930945833333333
liq_to_mc <= 0.7982,liq_to_mc,0.7982207079777774,<=,653,165,25.267993874425727,1.016303842021101,17287.828721473248,0.3978112166666667
sniper_hold_percent >= 0,sniper_hold_percent,0.0,>=,676,170,25.14792899408284,1.0114747131321717,17002.387889730515,0.3991148
sniper_pct >= 0,sniper_pct,0.0,>=,676,170,25.14792899408284,1.0114747131321717,17002.387889730515,0.3991148
count_buy <= 79,count_buy,79.0,<=,661,166,25.113464447806354,1.010088514806797,16882.194112578636,0.40726066666666666
buys <= 79,buys,79.0,<=,661,166,25.113464447806354,1.010088514806797,16882.194112578636,0.40726066666666666
volume_usd >= 2.053e+04,volume_usd,20526.902391222284,>=,546,137,25.09157509157509,1.009208103130755,17136.494792071815,0.45135565
market_cap >= 1.701e+04,market_cap,17008.229451483156,>=,363,91,25.068870523415974,1.0082949028202668,21788.265844939466,0.3376584333333333
liquidity <= 1.231e+04,liquidity,12313.393018338258,<=,363,91,25.068870523415974,1.0082949028202668,15607.592514797385,0.46666063333333335
liq_to_mc <= 0.7388,liq_to_mc,0.7388460743757399,<=,363,91,25.068870523415974,1.0082949028202668,21666.512757770608,0.33357811666666665
vol_to_mc >= 1.455,vol_to_mc,1.45457957385553,>=,363,91,25.068870523415974,1.0082949028202668,16117.086318406513,0.5218187
dev_hold_percent >= 0,dev_hold_percent,0.0,>=,660,165,25.0,1.005524861878453,16663.91683952495,0.4135249
total_buy <= 118.9,total_buy,118.89999999999998,<=,640,160,25.0,1.005524861878453,16749.090930250066,0.3976513416666667
liq_to_mc <= 0.7712,liq_to_mc,0.7712445447719725,<=,544,136,25.0,1.005524861878453,18141.4620715384,0.3643037416666667
count_buy >= 37,count_buy,37.0,>=,368,92,25.0,1.005524861878453,16890.28473465098,0.4331734416666667
chg_1h >= 6.508,chg_1h,6.5076,>=,364,91,25.0,1.005524861878453,18886.66145711744,0.3429259583333334
liquidity <= 1.609e+04,liquidity,16085.655794426097,<=,653,163,24.961715160796324,1.0039850075723604,16678.303879180676,0.3978112166666667
buy_volume_sol >= 35,buy_volume_sol,35.0,>=,553,138,24.95479204339964,1.0037065529057976,17142.74628274183,0.4173708666666667
top10_percent <= 31.36,top10_percent,31.364012032346118,<=,654,163,24.92354740061162,1.002449862300843,16867.461911736144,0.4052076
top10_holder_pct <= 31.36,top10_holder_pct,31.364012032346118,<=,654,163,24.92354740061162,1.002449862300843,16867.461911736144,0.4052076
vol_1h >= 2.035e+04,vol_1h,20349.54328273057,>=,546,136,24.90842490842491,1.001841620626151,17136.494792071815,0.4485526083333333
vol_24h >= 2.065e+04,vol_24h,20645.9713285856,>=,546,136,24.90842490842491,1.001841620626151,17136.494792071815,0.4441711833333334
vol_24h <= 3.761e+04,vol_24h,37607.33204322413,<=,546,136,24.90842490842491,1.001841620626151,16652.667457651416,0.38100843333333334
vol_1h <= 5.087e+04,vol_1h,50871.78983158291,<=,655,163,24.885496183206108,1.0009194044958036,16753.92001291326,0.38982373333333337
volume_usd <= 5.087e+04,volume_usd,50871.78983158291,<=,655,163,24.885496183206108,1.0009194044958036,16753.92001291326,0.38982373333333337
buys >= 37,buys,37.0,>=,370,92,24.864864864864867,1.0000895923547857,16895.62618618987,0.4356021916666667
market_cap >= 1.557e+04,market_cap,15571.997953685068,>=,544,135,24.816176470588236,0.998131296717582,18269.791598155385,0.3530122166666667
buys <= 37,buys,37.0,<=,367,91,24.795640326975477,0.9973053125987926,17155.589467559617,0.3916282333333333
market_cap <= 1.701e+04,market_cap,17008.229451483156,<=,363,90,24.793388429752067,0.9972147390530113,15570.925813571193,0.5212231833333333
liquidity >= 1.231e+04,liquidity,12313.393018338258,>=,363,90,24.793388429752067,0.9972147390530113,18973.55829704218,0.3481541166666667
liq_to_mc >= 0.7388,liq_to_mc,0.7388460743757399,>=,363,90,24.793388429752067,0.9972147390530113,15575.214374026693,0.5212231833333333
vol_to_mc <= 1.455,vol_to_mc,1.45457957385553,<=,363,90,24.793388429752067,0.9972147390530113,18359.425857852944,0.3525206166666666
vol_24h <= 5.707e+04,vol_24h,57074.16797363899,<=,655,162,24.732824427480914,0.994778794652271,16678.303879180676,0.39036823333333337
age_minutes <= 2.76,age_minutes,2.7602026933333392,<=,655,162,24.732824427480914,0.994778794652271,17043.169636396025,0.36117601666666665
chg_1h <= 6.508,chg_1h,6.5076,<=,364,90,24.725274725274726,0.994475138121547,15770.163317479852,0.46908050833333337
vol_1h <= 2.035e+04,vol_1h,20349.54328273057,<=,182,45,24.725274725274726,0.994475138121547,16663.91683952495,0.3416283333333333
vol_24h <= 2.065e+04,vol_24h,20645.9713285856,<=,182,45,24.725274725274726,0.994475138121547,16663.91683952495,0.3416283333333333
vol_24h >= 3.761e+04,vol_24h,37607.33204322413,>=,182,45,24.725274725274726,0.994475138121547,19769.196812603415,0.5093048083333334
liq_to_mc >= 0.7712,liq_to_mc,0.7712445447719725,>=,182,45,24.725274725274726,0.994475138121547,15094.048794265906,0.6128219166666666
count_buy >= 79,count_buy,79.0,>=,77,19,24.675324675324674,0.9924660974384731,18271.04937951948,0.29244088333333335
buys >= 79,buys,79.0,>=,77,19,24.675324675324674,0.9924660974384731,18271.04937951948,0.29244088333333335
count_buy <= 37,count_buy,37.0,<=,369,91,24.661246612466126,0.9918998637500187,17162.81445253379,0.3926054166666667
liquidity >= 1.609e+04,liquidity,16085.655794426097,>=,73,18,24.65753424657534,0.9917505487020358,69606.90233675968,0.4585513166666667
vol_1h >= 5.087e+04,vol_1h,50871.78983158291,>=,73,18,24.65753424657534,0.9917505487020358,50895.41441999507,0.5917773333333333
volume_usd >= 5.087e+04,volume_usd,50871.78983158291,>=,73,18,24.65753424657534,0.9917505487020358,50895.41441999507,0.5917773333333333
top10_percent >= 31.36,top10_percent,31.364012032346118,>=,73,18,24.65753424657534,0.9917505487020358,20216.185351699412,0.3668248666666667
top10_holder_pct >= 31.36,top10_holder_pct,31.364012032346118,>=,73,18,24.65753424657534,0.9917505487020358,20216.185351699412,0.3668248666666667
market_cap <= 8.739e+04,market_cap,87394.48195100552,<=,653,161,24.655436447166924,0.9916661731236198,16544.364870527286,0.40315453333333334
sniper_hold_percent <= 1.31,sniper_hold_percent,1.3098165045757186,<=,507,125,24.65483234714004,0.9916418756197762,16819.955525858262,0.41494213333333335
sniper_pct <= 1.31,sniper_pct,1.3098165045757186,<=,507,125,24.65483234714004,0.9916418756197762,16819.955525858262,0.41494213333333335
liquidity >= 1.182e+04,liquidity,11819.900505061507,>=,544,134,24.63235294117647,0.9907377315567111,17354.22570941251,0.3833972666666667
liquidity <= 1.332e+04,liquidity,13323.559806280107,<=,544,134,24.63235294117647,0.9907377315567111,16208.324536705193,0.424296175
buy_volume_sol <= 35,buy_volume_sol,35.0,<=,183,45,24.59016393442623,0.989040847749298,16451.57390153202,0.3725061833333333
total_buy >= 35,total_buy,35.0,>=,541,133,24.58410351201479,0.9887970915329705,17081.03308375049,0.4006016666666667
holders <= 188,holders,188.0,<=,658,161,24.46808510638298,0.9841307158810391,16749.090930250066,0.38935152500000003
vol_1h <= 2.707e+04,vol_1h,27071.27437569196,<=,364,89,24.45054945054945,0.9834254143646408,16767.735653442433,0.3496740583333333
vol_24h <= 2.739e+04,vol_24h,27389.334339212117,<=,364,89,24.45054945054945,0.9834254143646408,16688.456825934125,0.35045401666666665
volume_usd <= 2.716e+04,volume_usd,27163.46415993839,<=,364,89,24.45054945054945,0.9834254143646408,16767.735653442433,0.3496740583333333
vol_to_mc >= 0.9763,vol_to_mc,0.9762939346875176,>=,544,133,24.448529411764707,0.9833441663958401,16383.595472810226,0.466002475
bundle_hold_percent >= 11.34,bundle_hold_percent,11.33627527889945,>=,495,121,24.444444444444443,0.9831798649478207,16555.71733497411,0.38658195
bundle_pct >= 11.34,bundle_pct,11.33627527889945,>=,495,121,24.444444444444443,0.9831798649478207,16555.71733497411,0.38658195
buys >= 22,buys,22.0,>=,557,136,24.416517055655294,0.9820565975976273,16968.528120841595,0.4173708666666667
top10_percent >= 21.12,top10_percent,21.1179506789723,>=,545,133,24.403669724770644,0.9815398651730954,16819.955525858262,0.38833025
top10_holder_pct >= 21.12,top10_holder_pct,21.1179506789723,>=,545,133,24.403669724770644,0.9815398651730954,16819.955525858262,0.38833025
total_buy <= 86,total_buy,86.0,<=,537,131,24.39478584729981,0.9811825467864234,16650.112745949686,0.3978112166666667
count_buy >= 22,count_buy,22.0,>=,550,134,24.363636363636363,0.9799296835760923,16954.654610815764,0.4086532666666667
bundle_hold_percent <= 21.06,bundle_hold_percent,21.0606786147287,<=,330,80,24.242424242424242,0.9750544115184999,16314.722681666035,0.5163465083333334
bundle_pct <= 21.06,bundle_pct,21.0606786147287,<=,330,80,24.242424242424242,0.9750544115184999,16314.722681666035,0.5163465083333334
count_buy <= 59,count_buy,59.0,<=,557,135,24.236983842010773,0.9748355932035272,16819.955525858262,0.41754996666666666
buys <= 59,buys,59.0,<=,557,135,24.236983842010773,0.9748355932035272,16819.955525858262,0.41754996666666666
dev_hold_percent <= 3.461,dev_hold_percent,3.4612903225806,<=,595,144,24.201680672268907,0.9734156646083848,16528.34930255127,0.4154620666666667
buy_volume_sol <= 58.5,buy_volume_sol,58.5,<=,364,88,24.175824175824175,0.9723756906077348,16446.546859592523,0.4157256416666667
volume_usd <= 2.053e+04,volume_usd,20526.902391222284,<=,182,44,24.175824175824175,0.9723756906077348,16663.91683952495,0.33928773333333334
chg_1h <= 10.36,chg_1h,10.356320000000004,<=,655,158,24.12213740458015,0.9702163552781409,16555.71733497411,0.40315453333333334
total_buy <= 35,total_buy,35.0,<=,179,43,24.022346368715084,0.9662026605759436,16441.519817653025,0.36116983333333336
chg_24h <= 11.54,chg_24h,11.535160000000003,<=,655,157,23.969465648854964,0.9640757454346084,16555.71733497411,0.39634793333333335
age_minutes <= 0.4015,age_minutes,0.40149202500000003,<=,364,87,23.9010989010989,0.9613259668508287,17724.68337699792,0.25726119166666667
market_cap <= 2.179e+04,market_cap,21787.604656573603,<=,544,130,23.897058823529413,0.9611634709132272,16164.871326951477,0.43940065833333336
total_buy >= 86,total_buy,86.0,>=,180,43,23.88888888888889,0.9608348680171885,18231.997514013554,0.36884558333333334
dev_hold_percent <= 0.06888,dev_hold_percent,0.06888074082282816,<=,495,118,23.83838383838384,0.9588035046598583,16394.126844396884,0.4173708666666667
avg_buy_size_sol <= 1.692,avg_buy_size_sol,1.6923076923076923,<=,550,131,23.81818181818182,0.9579909593169261,16362.610731937588,0.4257938416666667
first_call_market_cap <= 6.837e+04,first_call_market_cap,68372.73093719604,<=,655,156,23.81679389312977,0.9579351355910758,16550.407160265266,0.4088677666666667
avg_buy_size_sol <= 2.27,avg_buy_size_sol,2.2702797202797207,<=,655,156,23.81679389312977,0.9579351355910758,16584.538964070427,0.4018444666666667
holders <= 93,holders,93.0,<=,185,44,23.783783783783786,0.9566074361654473,17149.942522667236,0.3423474
avg_buy_size_sol >= 1.296,avg_buy_size_sol,1.2962962962962963,>=,547,130,23.76599634369287,0.9558920076358237,17324.732354303356,0.3737496833333333
bundle_hold_percent >= 30.3,bundle_hold_percent,30.298881674075176,>=,165,39,23.636363636363637,0.9506780512305374,18186.340111434478,0.29036293333333335
bundle_pct >= 30.3,bundle_pct,30.298881674075176,>=,165,39,23.636363636363637,0.9506780512305374,18186.340111434478,0.29036293333333335
chg_1h <= 7.684,chg_1h,7.684375,<=,546,129,23.626373626373624,0.9502762430939226,16184.385121024457,0.44048575
age_minutes <= 0.9479,age_minutes,0.9479245208333333,<=,546,129,23.626373626373624,0.9502762430939226,17247.119148795213,0.31310990000000005
first_call_market_cap <= 1.31e+04,first_call_market_cap,13098.611175083639,<=,182,43,23.626373626373624,0.9502762430939226,15873.379609455396,0.5602840166666667
buy_volume_sol >= 85.25,buy_volume_sol,85.25,>=,182,43,23.626373626373624,0.9502762430939226,18367.223193592734,0.37278658333333337
total_buy <= 59,total_buy,59.0,<=,358,84,23.463687150837988,0.9437328312602241,16432.353743258114,0.4023549833333333
liq_to_mc >= 0.6448,liq_to_mc,0.6448393743761929,>=,544,126,23.161764705882355,0.9315892102697433,16170.914306535498,0.43067938333333333
dev_hold_percent <= 0,dev_hold_percent,0.0,<=,462,107,23.160173160173162,0.9315251967185669,16407.149157806813,0.41994605
chg_24h <= 8.11,chg_24h,8.11035,<=,546,126,23.076923076923077,0.9281767955801106,16184.385121024457,0.42161945
chg_24h <= 6.605,chg_24h,6.6052,<=,364,84,23.076923076923077,0.9281767955801106,15739.91564941427,0.462467875
top10_percent >= 24.02,top10_percent,24.02322356062108,>=,364,84,23.076923076923077,0.9281767955801106,17016.843773874298,0.36847405833333335
top10_holder_pct >= 24.02,top10_holder_pct,24.02322356062108,>=,364,84,23.076923076923077,0.9281767955801106,17016.843773874298,0.36847405833333335
vol_to_mc >= 1.985,vol_to_mc,1.9854486420278472,>=,182,42,23.076923076923077,0.9281767955801106,15831.951565868068,0.6612063333333333
sniper_hold_percent <= 1.729e-07,sniper_hold_percent,1.7291420000000002e-07,<=,338,77,22.781065088757398,0.9162770930726731,16319.24461840399,0.41048771666666667
sniper_pct <= 1.729e-07,sniper_pct,1.7291420000000002e-07,<=,338,77,22.781065088757398,0.9162770930726731,16319.24461840399,0.41048771666666667
first_call_market_cap <= 1.644e+04,first_call_market_cap,16444.951567765893,<=,546,124,22.71062271062271,0.9134438305709024,16201.980035819837,0.4356021916666667
avg_buy_size_sol >= 1.444,avg_buy_size_sol,1.4444444444444444,>=,366,83,22.6775956284153,0.9121154484799082,18494.543139987727,0.36618904166666666
holders <= 151.2,holders,151.25,<=,546,122,22.344322344322347,0.8987108655616943,16711.346109999668,0.3704358333333333
sniper_hold_percent <= 0,sniper_hold_percent,0.0,<=,325,72,22.153846153846153,0.891049723756906,16314.474664274676,0.4088677666666667
sniper_pct <= 0,sniper_pct,0.0,<=,325,72,22.153846153846153,0.891049723756906,16314.474664274676,0.4088677666666667
holders <= 118,holders,118.0,<=,367,81,22.070844686648503,0.8877113222033209,16835.26240823255,0.34295986666666667
first_call_market_cap <= 1.402e+04,first_call_market_cap,14015.649640170266,<=,364,80,21.978021978021978,0.8839779005524862,16033.270004887903,0.49605469166666666
vol_1h >= 3.66e+04,vol_1h,36595.06443126479,>=,182,40,21.978021978021978,0.8839779005524862,18504.508690836294,0.5171045916666668
chg_1h <= 5.572,chg_1h,5.57175,<=,182,40,21.978021978021978,0.8839779005524862,15931.583821518328,0.44048575
chg_24h <= 5.731,chg_24h,5.730925,<=,182,40,21.978021978021978,0.8839779005524862,15673.52845211344,0.44048575
volume_usd >= 3.66e+04,volume_usd,36595.06443126479,>=,182,40,21.978021978021978,0.8839779005524862,18504.508690836294,0.5171045916666668
liq_to_mc >= 0.7982,liq_to_mc,0.7982207079777774,>=,73,16,21.91780821917808,0.8815560432906985,14206.854974621474,0.5638529666666667
buy_volume_sol >= 118,buy_volume_sol,118.0,>=,75,16,21.333333333333336,0.8580478821362799,20063.379124933534,0.2924185666666667
vol_to_mc >= 2.646,vol_to_mc,2.6458149439403393,>=,73,15,20.54794520547945,0.8264587905850298,15794.18309111208,0.62159935
bundle_hold_percent >= 41.09,bundle_hold_percent,41.088115229138545,>=,66,13,19.696969696969695,0.7922317093587812,21419.56388357992,0.2707041333333333
bundle_pct >= 41.09,bundle_pct,41.088115229138545,>=,66,13,19.696969696969695,0.7922317093587812,21419.56388357992,0.2707041333333333
total_buy >= 118.9,total_buy,118.89999999999998,>=,72,14,19.444444444444446,0.7820748925721301,20139.782238316475,0.29604148333333336
top10_percent >= 27.12,top10_percent,27.116341797211803,>=,182,35,19.230769230769234,0.7734806629834254,17367.13910901356,0.3415536
top10_holder_pct >= 27.12,top10_holder_pct,27.116341797211803,>=,182,35,19.230769230769234,0.7734806629834254,17367.13910901356,0.3415536
sniper_hold_percent >= 6.659,sniper_hold_percent,6.6593146540844,>=,68,13,19.11764705882353,0.7689307767305816,18582.355156842867,0.33339024166666664
sniper_pct >= 6.659,sniper_pct,6.6593146540844,>=,68,13,19.11764705882353,0.7689307767305816,18582.355156842867,0.33339024166666664
age_minutes <= 0.2573,age_minutes,0.25733440416666664,<=,182,31,17.032967032967033,0.6850828729281768,17945.546966358284,0.19105233333333332
