formation_type,conditions,features,tokens,survived,survival_pct,baseline_survival_pct,lift_over_baseline,ci95_low_pct,ci95_high_pct,median_first_vlak_mc,median_age_minutes,earliness_score,rank_score,avg_post_vlak_multiple,median_post_vlak_multiple
single,first_call_market_cap >= 6.821e+04,first_call_market_cap,73,25,34.24657534246575,24.794520547945208,1.3812154696132595,24.39470808952971,45.67358824995307,301658.4605486445,0.39036823333333337,0.5424390211765275,3.224713889831118,4.259954051211625,1.4110785342742214
single,avg_buy_size_sol >= 2.27,avg_buy_size_sol,73,25,34.24657534246575,24.794520547945208,1.3812154696132595,24.39470808952971,45.67358824995307,191059.3540560249,0.3978112166666667,0.5491366545720687,3.264530257379222,4.718955895337814,1.4183616821306686
single,chg_24h >= 11.52,chg_24h,73,24,32.87671232876712,24.794520547945208,1.3259668508287292,23.19433057283529,44.27120892660251,83955.82590955583,0.4585513166666667,0.5390758194088406,3.076531381535504,2.52003783953423,1.3251543102641101
single,holders >= 151.8,holders,183,59,32.240437158469945,24.794520547945208,1.3003049240708873,25.893637270810256,39.31753625799705,18181.632140593945,0.5823051833333334,0.8124747427463264,5.509396628915021,2.202746582972958,1.321881773797387
single,chg_1h >= 10.35,chg_1h,73,23,31.506849315068493,24.794520547945208,1.2707182320441988,22.003473675403797,42.85930898398903,50895.41441999507,0.39120971666666665,0.6802316818446017,3.7203598372229303,2.5047714881828385,1.321881773797387
single,dev_hold_percent >= 3.461,dev_hold_percent,68,21,30.88235294117647,24.794520547945208,1.2455313617159571,21.17223366892784,42.637035612379925,18325.758413850785,0.3704358333333333,1.0059709889201374,5.305201718870566,3.1082452625962675,1.1768398304869923
single,liq_to_mc <= 0.6451,liq_to_mc,182,55,30.21978021978022,24.794520547945208,1.2188088154938983,24.013697613980273,37.24363120798424,44406.04241711703,0.3457497583333333,0.772118762536002,4.902465890701271,3.3452983302854786,1.3056986725425528
single,age_minutes >= 0.9439,age_minutes,183,52,28.415300546448087,24.794520547945208,1.1460314585031548,22.376848486548564,35.34134703307876,15992.644555724677,2.2127980333333332,0.6224720652797372,3.7201921177932857,2.8824022626149444,1.3200325107067343
single,market_cap >= 2.179e+04,market_cap,182,51,28.021978021978022,24.794520547945208,1.1301681743670693,22.003283710179915,34.94930386978065,44406.04241711703,0.32891994166666666,0.8018268177736996,4.720831927818939,3.2951675497463935,1.2109719042872773
single,sniper_hold_percent >= 1.729e-07,sniper_hold_percent,339,93,27.43362831858407,24.794520547945208,1.1064391531804625,22.95671689177665,32.41626001650986,18702.744786609157,0.3944519,0.9636226860952029,6.214762763216055,2.5271993377796744,1.2511701021046722
single,top10_percent <= 27.13,top10_percent,547,147,26.87385740402194,24.794520547945208,1.0838627571787853,23.329563849726277,30.74071697147531,16852.729710893647,0.43624065,0.9647861303333198,6.594445299383713,2.2860458501690766,1.168164027876151
single,bundle_hold_percent <= 11.38,bundle_hold_percent,166,44,26.506024096385545,24.794520547945208,1.0690274911801905,20.378267979579345,33.69658765060784,16677.281782900063,0.5388176916666667,0.8824897074005609,4.828344831503731,2.037116958055482,1.3225934104854222
single,count_buy <= 22,count_buy,189,50,26.455026455026452,24.794520547945208,1.0669706802303487,20.680749537313524,33.16738281587169,17291.038578507378,0.39120971666666665,1.004963772854809,5.626210132870643,2.1793593024733027,1.2990763904440266
single,vol_to_mc <= 0.9806,vol_to_mc,182,48,26.373626373626376,24.794520547945208,1.0636876935219477,20.50764164335114,33.21639000510647,22013.71365888638,0.3145536666666667,1.0245030682654543,5.677044337029995,3.02948940358713,1.2119178438246023
single,vol_24h >= 5.705e+04,vol_24h,73,19,26.027397260273972,24.794520547945208,1.0497237569060773,17.342050231153916,37.10970506805901,55406.07911780964,0.5216269166666667,0.5383329954784515,2.432231206233038,4.055447396749448,1.3671440424016126
