failure_pattern,failed_tokens_matching,share_of_failures_pct
avg_buy_size_sol <= 2.313,450,91.27789046653145
holders <= 151,383,77.68762677484787
avg_buy_size_sol <= 1.692,378,76.67342799188641
age_minutes <= 0.9869,377,76.47058823529412
avg_buy_size_sol >= 1.294,376,76.26774847870182
liq_to_mc >= 0.6409,375,76.06490872210954
dev_hold_percent <= 0.07003,338,68.55983772819472
dev_hold_percent <= 0,318,64.50304259634888
holders <= 118,256,51.926977687626774
avg_buy_size_sol >= 1.444,254,51.52129817444219
buy_volume_sol <= 59,252,51.115618661257614
liquidity <= 1.238e+04,251,50.91277890466531
top10_percent >= 24.02,250,50.709939148073026
top10_holder_pct >= 24.02,250,50.709939148073026
sniper_hold_percent <= 2.953e-06,236,47.870182555780936
sniper_pct <= 2.953e-06,236,47.870182555780936
bundle_hold_percent <= 20.81,226,45.84178498985801
bundle_pct <= 20.81,226,45.84178498985801
sniper_hold_percent <= 0,221,44.827586206896555
sniper_pct <= 0,221,44.827586206896555
phishing_hold_percent >= 1.257,173,35.09127789046653
age_minutes <= 0.2609,138,27.99188640973631
buy_volume_sol >= 84,131,26.57200811359026
top10_percent >= 27.04,131,26.57200811359026
top10_holder_pct >= 27.04,131,26.57200811359026
buy_volume_sol <= 36,129,26.16632860040568
volume_usd >= 3.679e+04,127,25.760649087221093
vol_to_mc >= 1.988,127,25.760649087221093
volume_usd <= 2.062e+04,126,25.557809330628807
liq_to_mc >= 0.7729,126,25.557809330628807
top10_percent <= 21.03,125,25.354969574036513
top10_holder_pct <= 21.03,125,25.354969574036513
phishing_hold_percent >= 3.881,85,17.24137931034483
buy_volume_sol >= 117,55,11.156186612576064
liq_to_mc >= 0.7996,51,10.344827586206897
sniper_hold_percent >= 6.715,50,10.141987829614605
sniper_pct >= 6.715,50,10.141987829614605
bundle_hold_percent >= 40.83,48,9.73630831643002
bundle_pct >= 40.83,48,9.73630831643002
phishing_hold_percent >= 6.369,34,6.896551724137931
