feature,group,tokens,mean,median,std,p25,p75,survived_mean,failed_mean,mean_diff,abs_standardized_diff
market_cap,survived,164,60796.8239342037,17226.611101053895,165574.3483914364,15641.020448228028,22938.12234872952,60796.8239342037,98663.07193672,-37866.24800251631,0.06964269448919293
market_cap,failed,493,98663.07193672,17023.978059974717,620271.3779721868,15560.840494698265,21768.01731161144,60796.8239342037,98663.07193672,-37866.24800251631,0.06964269448919293
liquidity,survived,164,13513.034902845646,12420.498924075051,4986.375612720665,11840.030020300735,13519.077869335815,13513.034902845646,13760.862467930716,-247.8275650850701,0.0383645930875807
liquidity,failed,493,13760.862467930716,12366.633254225617,6883.739285435678,11865.711133424484,13333.587923774805,13513.034902845646,13760.862467930716,-247.8275650850701,0.0383645930875807
age_minutes,survived,164,36.18773149268293,0.4182269666666667,166.8002738435459,0.2872647583333333,1.18566685,36.18773149268293,15.75871300933063,20.429018483352298,0.16518629545314908
age_minutes,failed,493,15.75871300933063,0.4018444666666667,105.22008143247164,0.25194565,0.8968647166666667,36.18773149268293,15.75871300933063,20.429018483352298,0.16518629545314908
volume_usd,survived,164,42849.55779901325,27843.24057794343,65602.76798160361,21092.24645962627,35147.782072386864,42849.55779901325,38647.420455506544,4202.137343506707,0.06164944614742895
volume_usd,failed,493,38647.420455506544,27027.14223256464,69025.1014321745,20324.53547931081,37120.19479740755,42849.55779901325,38647.420455506544,4202.137343506707,0.06164944614742895
buy_volume_sol,survived,164,71.39024390243902,61.5,69.8435159055626,37.75,83.0,71.39024390243902,67.2657200811359,4.124523821303129,0.07744848309838667
buy_volume_sol,failed,493,67.2657200811359,58.0,46.48752325553257,36.0,85.0,71.39024390243902,67.2657200811359,4.124523821303129,0.07744848309838667
buys,survived,164,45.23780487804878,37.5,33.012149242451116,22.75,61.25,45.23780487804878,43.66328600405679,1.574518873991984,0.05497973375435273
buys,failed,493,43.66328600405679,37.0,27.052797876006615,23.0,58.0,45.23780487804878,43.66328600405679,1.574518873991984,0.05497973375435273
holders,survived,164,145.6951219512195,123.0,103.20932200066908,93.75,159.5,145.6951219512195,143.34279918864098,2.352322762578524,0.013138103428367676
holders,failed,493,143.34279918864098,117.0,198.02212586267476,93.0,148.0,145.6951219512195,143.34279918864098,2.352322762578524,0.013138103428367676
bundle_hold_percent,survived,148,21.806860485319252,21.2235562094748,13.342549774951369,11.01284032642735,29.827336992387725,21.806860485319252,21.899111223499478,-0.09225073818022622,0.0065739664735179094
bundle_hold_percent,failed,443,21.899111223499478,20.2591466295805,14.270418262346407,11.426863036044601,29.7505827576122,21.806860485319252,21.899111223499478,-0.09225073818022622,0.0065739664735179094
sniper_hold_percent,survived,154,1.684642853883718,0.0002933361180678,3.6638841038213603,0.0,1.587178807630675,1.684642853883718,2.1225531181347574,-0.4379102642510395,0.09064407413692037
sniper_hold_percent,failed,457,2.1225531181347574,4.39061e-08,5.16421624222324,0.0,1.4153040846043392,1.684642853883718,2.1225531181347574,-0.4379102642510395,0.09064407413692037
dev_hold_percent,survived,148,1.8286879486096383,0.0,7.121778435356965,0.0,0.755792033431525,1.8286879486096383,1.5053527228547026,0.3233352257549358,0.05128403691368024
dev_hold_percent,failed,442,1.5053527228547026,0.0,6.01313776999637,0.0,0.00558867668135,1.8286879486096383,1.5053527228547026,0.3233352257549358,0.05128403691368024
top10_percent,survived,164,24.26853242346645,23.86022753328625,12.037418304686835,21.132889256168838,26.24472171895449,24.26853242346645,23.783178901683968,0.48535352178248203,0.04545370329052109
top10_percent,failed,492,23.783178901683968,24.05961761596715,10.19513923615685,20.983154635773975,27.265089525494975,24.26853242346645,23.783178901683968,0.48535352178248203,0.04545370329052109
phishing_hold_percent,survived,115,2.9312513046169766,0.4223325133502728,9.960709687949471,0.0,3.203071823403209,2.9312513046169766,2.7261972840920934,0.2050540205248832,0.03111529169791932
phishing_hold_percent,failed,322,2.7261972840920934,1.6236270476349888,4.872607383337517,1.35199707705e-06,4.034248566660925,2.9312513046169766,2.7261972840920934,0.2050540205248832,0.03111529169791932
dex_paid,survived,164,0.12195121951219512,0.0,0.3282316966498212,0.0,0.0,0.12195121951219512,0.10547667342799188,0.016474546084203234,0.052699182801067466
dex_paid,failed,493,0.10547667342799188,0.0,0.3074786428624819,0.0,0.0,0.12195121951219512,0.10547667342799188,0.016474546084203234,0.052699182801067466
lp_burned_percent,survived,164,96.34146341460688,100.0,18.831652972410552,100.0,100.0,96.34146341460688,93.30628803243374,3.0351753821731364,0.12834881238136367
lp_burned_percent,failed,493,93.30628803243374,100.0,25.016691602887672,100.0,100.0,96.34146341460688,93.30628803243374,3.0351753821731364,0.12834881238136367
liq_to_mc,survived,164,0.6317794181624575,0.7367933446362331,0.24111659672802693,0.6279742725991452,0.7712552757143372,0.6317794181624575,0.6572058134533052,-0.02542639529084767,0.10614131806713613
liq_to_mc,failed,493,0.6572058134533052,0.7402216662627197,0.23893747373279747,0.6587167469414603,0.7737863528609121,0.6317794181624575,0.6572058134533052,-0.02542639529084767,0.10614131806713613
vol_to_mc,survived,164,1.5356600811466095,1.4817647083436682,1.008894353454673,0.9677411583574563,1.9551051520755167,1.5356600811466095,1.534347925202427,0.001312155944182436,0.0014179591917114862
vol_to_mc,failed,493,1.534347925202427,1.4602173997842633,0.896971830170705,0.9741184414104751,2.0074326735921986,1.5356600811466095,1.534347925202427,0.001312155944182436,0.0014179591917114862
avg_buy_size_sol,survived,164,1.6295276221255817,1.4272486772486772,0.5639229215881285,1.2637468030690537,1.788561076604555,1.6295276221255817,1.6096666968218207,0.019860925303760935,0.03389607934601702
avg_buy_size_sol,failed,493,1.6096666968218207,1.4516129032258065,0.5935534026621697,1.3015873015873016,1.6774193548387097,1.6295276221255817,1.6096666968218207,0.019860925303760935,0.03389607934601702
top10_holder_pct,survived,164,24.26853242346645,23.86022753328625,12.037418304686835,21.132889256168838,26.24472171895449,24.26853242346645,23.783178901683968,0.48535352178248203,0.04545370329052109
top10_holder_pct,failed,492,23.783178901683968,24.05961761596715,10.19513923615685,20.983154635773975,27.265089525494975,24.26853242346645,23.783178901683968,0.48535352178248203,0.04545370329052109
bundle_pct,survived,148,21.806860485319252,21.2235562094748,13.342549774951369,11.01284032642735,29.827336992387725,21.806860485319252,21.899111223499478,-0.09225073818022622,0.0065739664735179094
bundle_pct,failed,443,21.899111223499478,20.2591466295805,14.270418262346407,11.426863036044601,29.7505827576122,21.806860485319252,21.899111223499478,-0.09225073818022622,0.0065739664735179094
sniper_pct,survived,154,1.684642853883718,0.0002933361180678,3.6638841038213603,0.0,1.587178807630675,1.684642853883718,2.1225531181347574,-0.4379102642510395,0.09064407413692037
sniper_pct,failed,457,2.1225531181347574,4.39061e-08,5.16421624222324,0.0,1.4153040846043392,1.684642853883718,2.1225531181347574,-0.4379102642510395,0.09064407413692037
