condition_1,condition_2,tokens,survived,survival_rate,survival_rate_pct
phishing_hold_percent <= 0,liq_to_mc <= 0.6409,17,10,0.5882352941176471,58.82352941176471
phishing_hold_percent <= 0,market_cap >= 2.198e+04,17,9,0.5294117647058824,52.94117647058824
phishing_hold_percent <= 0,avg_buy_size_sol >= 1.692,19,9,0.47368421052631576,47.368421052631575
phishing_hold_percent <= 0,holders >= 151,34,16,0.47058823529411764,47.05882352941176
dev_hold_percent >= 3.461,avg_buy_size_sol >= 1.692,15,7,0.4666666666666667,46.666666666666664
dev_hold_percent >= 3.461,liq_to_mc <= 0.6409,22,10,0.45454545454545453,45.45454545454545
dev_hold_percent >= 3.461,market_cap >= 2.198e+04,20,9,0.45,45.0
phishing_hold_percent <= 0,holders >= 188,18,8,0.4444444444444444,44.44444444444444
phishing_hold_percent <= 1.257,holders >= 151,61,27,0.4426229508196721,44.26229508196721
avg_buy_size_sol >= 2.313,holders >= 188,25,11,0.44,44.0
phishing_hold_percent <= 1.257,dev_hold_percent >= 0.07003,39,17,0.4358974358974359,43.58974358974359
phishing_hold_percent <= 1.257,age_minutes >= 0.9869,51,22,0.43137254901960786,43.13725490196079
holders >= 151,avg_buy_size_sol <= 1.294,35,15,0.42857142857142855,42.857142857142854
phishing_hold_percent <= 0,age_minutes >= 0.9869,28,12,0.42857142857142855,42.857142857142854
avg_buy_size_sol >= 2.313,holders >= 151,33,14,0.42424242424242425,42.42424242424242
avg_buy_size_sol >= 2.313,phishing_hold_percent <= 1.257,43,18,0.4186046511627907,41.86046511627907
holders >= 151,avg_buy_size_sol >= 1.692,53,22,0.41509433962264153,41.509433962264154
holders >= 151,dev_hold_percent >= 0.07003,41,17,0.4146341463414634,41.46341463414634
phishing_hold_percent <= 1.257,holders >= 188,34,14,0.4117647058823529,41.17647058823529
avg_buy_size_sol >= 2.313,age_minutes >= 0.9869,17,7,0.4117647058823529,41.17647058823529
phishing_hold_percent <= 0,dev_hold_percent >= 0.07003,22,9,0.4090909090909091,40.909090909090914
holders >= 188,avg_buy_size_sol >= 1.692,33,13,0.3939393939393939,39.39393939393939
age_minutes >= 0.9869,liq_to_mc <= 0.6409,34,13,0.38235294117647056,38.23529411764706
holders >= 151,age_minutes >= 0.9869,66,25,0.3787878787878788,37.878787878787875
age_minutes >= 0.9869,market_cap >= 2.198e+04,33,12,0.36363636363636365,36.36363636363637
dev_hold_percent >= 0.07003,liq_to_mc <= 0.6409,47,17,0.3617021276595745,36.17021276595745
dev_hold_percent >= 0.07003,avg_buy_size_sol >= 1.692,36,13,0.3611111111111111,36.11111111111111
age_minutes >= 0.9869,avg_buy_size_sol >= 1.692,39,14,0.358974358974359,35.8974358974359
holders >= 151,liq_to_mc <= 0.6409,67,24,0.3582089552238806,35.82089552238806
avg_buy_size_sol >= 2.313,liq_to_mc <= 0.6409,62,22,0.3548387096774194,35.483870967741936
holders >= 188,age_minutes >= 0.9869,31,11,0.3548387096774194,35.483870967741936
dev_hold_percent >= 3.461,age_minutes >= 0.9869,17,6,0.35294117647058826,35.294117647058826
holders >= 188,liq_to_mc <= 0.6409,43,15,0.3488372093023256,34.883720930232556
avg_buy_size_sol >= 2.313,avg_buy_size_sol >= 1.692,66,23,0.3484848484848485,34.84848484848485
phishing_hold_percent <= 0,phishing_hold_percent <= 1.257,110,38,0.34545454545454546,34.54545454545455
avg_buy_size_sol >= 2.313,market_cap >= 2.198e+04,61,21,0.3442622950819672,34.42622950819672
holders >= 151,market_cap >= 2.198e+04,67,23,0.34328358208955223,34.32835820895522
phishing_hold_percent <= 1.257,liq_to_mc <= 0.6409,85,29,0.3411764705882353,34.11764705882353
phishing_hold_percent <= 1.257,avg_buy_size_sol >= 1.692,88,30,0.3409090909090909,34.090909090909086
dev_hold_percent >= 0.07003,market_cap >= 2.198e+04,44,15,0.3409090909090909,34.090909090909086
age_minutes >= 0.9869,avg_buy_size_sol <= 1.294,47,16,0.3404255319148936,34.04255319148936
phishing_hold_percent <= 1.257,market_cap >= 2.198e+04,86,29,0.3372093023255814,33.72093023255814
dev_hold_percent >= 3.461,dev_hold_percent >= 0.07003,60,20,0.3333333333333333,33.33333333333333
avg_buy_size_sol >= 1.692,liq_to_mc <= 0.6409,109,35,0.3211009174311927,32.11009174311927
avg_buy_size_sol >= 1.692,market_cap >= 2.198e+04,108,34,0.3148148148148148,31.48148148148148
dev_hold_percent >= 0.07003,age_minutes >= 0.9869,42,13,0.30952380952380953,30.952380952380953
holders >= 188,market_cap >= 2.198e+04,42,13,0.30952380952380953,30.952380952380953
holders >= 151,holders >= 188,68,20,0.29411764705882354,29.411764705882355
avg_buy_size_sol <= 1.294,market_cap >= 2.198e+04,17,5,0.29411764705882354,29.411764705882355
liq_to_mc <= 0.6409,market_cap >= 2.198e+04,156,43,0.27564102564102566,27.564102564102566
dev_hold_percent >= 0.07003,avg_buy_size_sol <= 1.294,52,14,0.2692307692307692,26.923076923076923
liq_to_mc <= 0.6409,avg_buy_size_sol <= 1.294,19,5,0.2631578947368421,26.31578947368421
dev_hold_percent >= 3.461,avg_buy_size_sol <= 1.294,16,4,0.25,25.0
dev_hold_percent >= 0.07003,holders >= 188,16,4,0.25,25.0
avg_buy_size_sol >= 2.313,dev_hold_percent >= 0.07003,17,4,0.23529411764705882,23.52941176470588
phishing_hold_percent <= 0,avg_buy_size_sol <= 1.294,26,6,0.23076923076923078,23.076923076923077
phishing_hold_percent <= 1.257,avg_buy_size_sol <= 1.294,42,9,0.21428571428571427,21.428571428571427
