condition,tokens,survival_rate_pct,lift_over_baseline
avg_buy_size_sol >= 2.313,66,34.84848484848485,1.3960643015521066
phishing_hold_percent <= 0,110,34.54545454545455,1.3839246119733926
dev_hold_percent >= 3.461,60,33.33333333333333,1.3353658536585367
phishing_hold_percent <= 1.257,219,31.506849315068493,1.2621951219512195
holders >= 151,168,30.952380952380953,1.2399825783972127
dev_hold_percent >= 0.07003,148,29.72972972972973,1.1910019775873435
holders >= 188,68,29.411764705882355,1.1782639885222383
age_minutes >= 0.9869,165,29.09090909090909,1.1654101995565411
avg_buy_size_sol >= 1.692,168,28.57142857142857,1.1445993031358885
liq_to_mc <= 0.6409,165,28.484848484848484,1.141130820399113
avg_buy_size_sol <= 1.294,166,28.313253012048197,1.1342565383485161
market_cap >= 2.198e+04,165,27.878787878787882,1.1168514412416852
age_minutes >= 0.2609,493,27.789046653144016,1.1132563201899768
sniper_hold_percent >= 2.953e-06,306,27.450980392156865,1.099713055954089
sniper_pct >= 2.953e-06,306,27.450980392156865,1.099713055954089
phishing_hold_percent <= 3.881,328,27.439024390243905,1.099234086853064
holders >= 118,336,27.380952380952383,1.0969076655052266
buys >= 59,165,27.27272727272727,1.0925720620842572
age_minutes >= 2.867,66,27.27272727272727,1.0925720620842572
volume_usd >= 5.144e+04,66,27.27272727272727,1.0925720620842572
top10_percent >= 31.05,66,27.27272727272727,1.0925720620842572
top10_holder_pct >= 31.05,66,27.27272727272727,1.0925720620842572
phishing_hold_percent <= 6.369,393,26.717557251908396,1.0703314094209646
top10_percent <= 27.04,492,26.6260162601626,1.0666641879833432
top10_holder_pct <= 27.04,492,26.6260162601626,1.0666641879833432
avg_buy_size_sol <= 1.444,331,26.586102719033235,1.0650652125856608
bundle_hold_percent >= 20.81,296,26.351351351351347,1.0556608437705999
bundle_pct >= 20.81,296,26.351351351351347,1.0556608437705999
phishing_hold_percent >= 0,437,26.31578947368421,1.0542362002567394
buy_volume_sol >= 59,331,26.283987915407852,1.052962198806278
