feature,bucket,tokens,survived,survival_rate,survival_rate_pct
market_cap,"(4615.227, 15575.214]",165,40,0.24242424242424243,24.242424242424242
market_cap,"(15575.214, 17042.866]",164,40,0.24390243902439024,24.390243902439025
market_cap,"(17042.866, 21979.962]",164,38,0.23170731707317074,23.170731707317074
market_cap,"(21979.962, 12443138.542]",164,46,0.2804878048780488,28.04878048780488
liquidity,"(4146.981, 11842.786]",165,42,0.2545454545454545,25.454545454545453
liquidity,"(11842.786, 12380.845]",164,36,0.21951219512195122,21.951219512195124
liquidity,"(12380.845, 13352.166]",164,43,0.2621951219512195,26.21951219512195
liquidity,"(13352.166, 87507.224]",164,43,0.2621951219512195,26.21951219512195
age_minutes,"(0.0797, 0.261]",165,27,0.16363636363636364,16.363636363636363
age_minutes,"(0.261, 0.407]",164,52,0.3170731707317073,31.70731707317073
age_minutes,"(0.407, 0.987]",164,37,0.22560975609756098,22.5609756097561
age_minutes,"(0.987, 1107.333]",164,48,0.2926829268292683,29.268292682926827
volume_usd,"(5784.888, 20619.535]",165,39,0.23636363636363636,23.636363636363637
volume_usd,"(20619.535, 27317.359]",164,40,0.24390243902439024,24.390243902439025
volume_usd,"(27317.359, 36788.746]",164,47,0.2865853658536585,28.65853658536585
volume_usd,"(36788.746, 958682.578]",164,38,0.23170731707317074,23.170731707317074
buy_volume_sol,"(19.999, 36.0]",169,40,0.23668639053254437,23.668639053254438
buy_volume_sol,"(36.0, 59.0]",162,39,0.24074074074074073,24.074074074074073
buy_volume_sol,"(59.0, 84.0]",162,45,0.2777777777777778,27.77777777777778
buy_volume_sol,"(84.0, 600.0]",164,40,0.24390243902439024,24.390243902439025
buys,"(9.999, 23.0]",177,46,0.2598870056497175,25.98870056497175
buys,"(23.0, 37.0]",153,36,0.23529411764705882,23.52941176470588
buys,"(37.0, 59.0]",172,39,0.22674418604651161,22.674418604651162
buys,"(59.0, 242.0]",155,43,0.27741935483870966,27.741935483870968
holders,"(39.999, 93.0]",165,41,0.24848484848484848,24.848484848484848
holders,"(93.0, 118.0]",167,35,0.20958083832335328,20.958083832335326
holders,"(118.0, 151.0]",164,37,0.22560975609756098,22.5609756097561
holders,"(151.0, 2620.0]",161,51,0.3167701863354037,31.67701863354037
bundle_hold_percent,"(-0.001, 11.306]",148,38,0.25675675675675674,25.675675675675674
bundle_hold_percent,"(11.306, 20.812]",148,32,0.21621621621621623,21.62162162162162
bundle_hold_percent,"(20.812, 29.79]",147,40,0.272108843537415,27.2108843537415
bundle_hold_percent,"(29.79, 85.102]",148,38,0.25675675675675674,25.675675675675674
sniper_hold_percent,"(-0.001, 2.95e-06]",306,70,0.22875816993464052,22.875816993464053
sniper_hold_percent,"(2.95e-06, 1.504]",152,44,0.2894736842105263,28.947368421052634
sniper_hold_percent,"(1.504, 38.842]",153,40,0.26143790849673204,26.143790849673206
dev_hold_percent,"(-0.001, 0.07]",442,104,0.23529411764705882,23.52941176470588
dev_hold_percent,"(0.07, 74.503]",148,44,0.2972972972972973,29.72972972972973
top10_percent,"(0.843, 21.029]",164,39,0.23780487804878048,23.78048780487805
top10_percent,"(21.029, 24.024]",164,47,0.2865853658536585,28.65853658536585
top10_percent,"(24.024, 27.039]",164,45,0.27439024390243905,27.439024390243905
top10_percent,"(27.039, 109.7]",164,33,0.20121951219512196,20.121951219512198
phishing_hold_percent,"(-0.001, 1.257]",219,69,0.3150684931506849,31.506849315068493
phishing_hold_percent,"(1.257, 3.881]",109,21,0.1926605504587156,19.26605504587156
phishing_hold_percent,"(3.881, 95.895]",109,25,0.22935779816513763,22.93577981651376
liq_to_mc,"(0.0027, 0.641]",165,47,0.28484848484848485,28.484848484848484
liq_to_mc,"(0.641, 0.74]",164,36,0.21951219512195122,21.951219512195124
liq_to_mc,"(0.74, 0.773]",164,42,0.25609756097560976,25.609756097560975
liq_to_mc,"(0.773, 1.62]",164,39,0.23780487804878048,23.78048780487805
vol_to_mc,"(0.0010899999999999998, 0.971]",165,43,0.2606060606060606,26.060606060606062
vol_to_mc,"(0.971, 1.467]",164,37,0.22560975609756098,22.5609756097561
vol_to_mc,"(1.467, 1.988]",164,46,0.2804878048780488,28.04878048780488
vol_to_mc,"(1.988, 8.174]",164,38,0.23170731707317074,23.170731707317074
avg_buy_size_sol,"(0.729, 1.294]",166,47,0.28313253012048195,28.313253012048197
avg_buy_size_sol,"(1.294, 1.444]",165,41,0.24848484848484848,24.848484848484848
avg_buy_size_sol,"(1.444, 1.692]",163,28,0.17177914110429449,17.177914110429448
avg_buy_size_sol,"(1.692, 5.9]",163,48,0.294478527607362,29.447852760736197
top10_holder_pct,"(0.843, 21.029]",164,39,0.23780487804878048,23.78048780487805
top10_holder_pct,"(21.029, 24.024]",164,47,0.2865853658536585,28.65853658536585
top10_holder_pct,"(24.024, 27.039]",164,45,0.27439024390243905,27.439024390243905
top10_holder_pct,"(27.039, 109.7]",164,33,0.20121951219512196,20.121951219512198
bundle_pct,"(-0.001, 11.306]",148,38,0.25675675675675674,25.675675675675674
bundle_pct,"(11.306, 20.812]",148,32,0.21621621621621623,21.62162162162162
bundle_pct,"(20.812, 29.79]",147,40,0.272108843537415,27.2108843537415
bundle_pct,"(29.79, 85.102]",148,38,0.25675675675675674,25.675675675675674
sniper_pct,"(-0.001, 2.95e-06]",306,70,0.22875816993464052,22.875816993464053
sniper_pct,"(2.95e-06, 1.504]",152,44,0.2894736842105263,28.947368421052634
sniper_pct,"(1.504, 38.842]",153,40,0.26143790849673204,26.143790849673206
