feature,range,tokens,survived,survival_rate_pct,lift_over_baseline,market_cap_p25,market_cap_median,market_cap_p75,age_minutes_p25,age_minutes_median,age_minutes_p75
holders,0-50,13,5,38.46153846153847,1.5337995337995338,18297.527076811915,106975.78088435296,459430.1295170926,0.2787472833333334,0.5638529666666667,1.0687229500000002
holders,50-100,191,47,24.60732984293194,0.9813104870696493,15469.050635434982,17057.5443705068,22847.734229666195,0.248171625,0.34052673333333333,0.5313454333333334
holders,100-150,283,60,21.20141342756184,0.8454866688082235,15424.263026557706,16472.20792414973,19043.367605672905,0.25976512500000004,0.3944519,1.0471654
holders,150-200,116,34,29.310344827586203,1.1688610240334376,15387.98183594691,16825.646055679128,21816.39168036006,0.28436507083333334,0.574534775,1.710134375
holders,200-250,26,7,26.923076923076923,1.0736596736596735,17578.152853578526,20943.349785311384,27975.66338707134,0.26117385416666666,0.37438271666666667,1.80308645
holders,250+,29,12,41.37931034482759,1.6501567398119121,55406.07911780964,96515.44221310668,214216.5832009469,0.47411861666666666,4.9331145,74.23753026666667
volume_usd,0-10000,20,6,30.0,1.1963636363636363,16287.84476502447,17583.662337392787,22865.592788920272,0.20583883333333336,0.26866527500000004,0.3966710041666667
volume_usd,10000-25000,252,58,23.015873015873016,0.9178451178451177,15314.335242512681,16431.78342518686,18557.794897199987,0.2536024708333333,0.36274955833333333,0.6442527333333333
volume_usd,25000-50000,314,82,26.11464968152866,1.0414205751785368,15657.483624917464,17008.229451483156,21875.735879711207,0.26221984583333335,0.4485526083333333,1.3263634624999998
volume_usd,50000-75000,29,4,13.793103448275861,0.5500522466039707,15794.18309111208,17539.978220726483,21979.961570732445,0.38042145,0.5216269166666667,0.9031372666666667
volume_usd,75000-100000,15,4,26.666666666666668,1.0634343434343434,24357.25240741865,47006.62773140746,70925.7281476217,0.25983931666666665,0.3494363166666667,2.244470183333333
volume_usd,100000+,28,11,39.285714285714285,1.5666666666666664,71220.75603231703,132931.6677563176,232026.91425833647,0.4433662916666667,5.1425676,52.9014848375
liquidity,0-5000,6,3,50.0,1.9939393939393937,97219.9721088798,112143.04814439283,121771.68655035573,0.26237320833333333,8.117873025,42.11693464166667
liquidity,5000-10000,29,7,24.137931034482758,0.9625914315569487,198512.4520252764,282255.40418358525,332041.0671027407,0.20769996666666665,0.32335241666666664,0.41754996666666666
liquidity,10000-12500,335,82,24.47761194029851,0.9761374943464495,15096.38413076618,15672.236568799419,16253.040610204105,0.28613784999999997,0.49219376666666664,1.2521296166666667
liquidity,12500-15000,197,51,25.888324873096447,1.0323950161513613,17544.37023408147,18708.810283825667,21397.26341855461,0.23291148333333334,0.33185498333333335,0.7013146
liquidity,15000-20000,57,11,19.298245614035086,0.7695906432748537,19054.55057356346,26179.401983223317,45764.43063005033,0.2538202,0.37012325,0.7682192000000001
liquidity,20000+,34,11,32.35294117647059,1.2901960784313724,92253.71404761806,154441.61077348713,315448.92751625244,0.28066470833333335,0.5405206499999999,5.24729415
liq_to_mc,0-0.25,71,19,26.76056338028169,1.0671788305591121,192209.13752881915,304486.48537374625,607059.9648114246,0.27934311666666667,0.3978112166666667,0.6544863249999999
liq_to_mc,0.25-0.4,26,10,38.46153846153847,1.5337995337995338,38338.375051547264,52803.03382036442,70535.75258525224,0.2947552916666667,0.5270574583333334,2.523346683333333
liq_to_mc,0.4-0.55,21,7,33.33333333333333,1.3292929292929292,23288.33649244796,25508.026127150937,28769.93329090763,0.23306590000000002,0.26621958333333334,0.3468015833333334
liq_to_mc,0.55-0.7,108,26,24.074074074074073,0.9600448933782266,19612.843911223405,21801.452960106802,23838.763243914538,0.21194983750000002,0.3075097333333333,0.4896704583333333
liq_to_mc,0.7-1,418,101,24.16267942583732,0.9635783674061186,15225.031277402322,15904.35348664377,17008.969469628515,0.27010710416666667,0.477334025,1.1376473
liq_to_mc,1+,14,2,14.285714285714285,0.5696969696969696,15092.635652895839,15763.970257393506,16785.204141908613,0.2827453916666667,0.361172925,1.7896262125
age_minutes,0-0.25,147,25,17.006802721088434,0.6782106782106782,16040.580421042232,17733.827415184733,22109.134490363802,0.1401698,0.1887795,0.21187726666666667
age_minutes,0.25-0.5,239,65,27.19665271966527,1.0845695448205908,15891.791387265035,17575.517693973972,24548.023854642255,0.28955605000000006,0.3378156666666667,0.40149202500000003
age_minutes,0.5-1,108,27,25.0,0.9969696969696968,15278.01474007,16266.129895775019,18943.86552495883,0.57621455,0.6449995416666666,0.7987000875
age_minutes,1-3,101,30,29.7029702970297,1.1845184518451843,15093.5794919549,15683.184727092745,17539.978220726483,1.31925515,1.7048409500000001,2.1230676833333333
age_minutes,3-10,33,8,24.242424242424242,0.9667584940312213,15205.961573890394,16023.215823842444,18466.944679064214,3.65127565,4.588625483333333,5.84619355
age_minutes,10+,30,10,33.33333333333333,1.3292929292929292,15945.066034629226,24972.384069476153,71220.75603231703,31.221749674999998,722.1042070583334,757.5242591958333
