feature,range,tokens,survived,failed,survival_rate,survival_rate_pct,lift_over_baseline
holders,0-50,13,5,8,0.38461538461538464,38.46153846153847,1.5408067542213886
holders,50-100,191,47,144,0.24607329842931938,24.60732984293194,0.9857936406589197
holders,100-150,282,60,222,0.2127659574468085,21.27659574468085,0.8523611831863
holders,150-200,116,33,83,0.28448275862068967,28.448275862068968,1.139665685449958
holders,200-250,26,7,19,0.2692307692307692,26.923076923076923,1.078564727954972
holders,250+,29,12,17,0.41379310344827586,41.37931034482759,1.6576955424726663
volume_usd,0-10000,20,6,14,0.3,30.0,1.201829268292683
volume_usd,10000-25000,251,57,194,0.22709163346613545,22.709163346613543,0.9097512389466524
volume_usd,25000-50000,314,82,232,0.2611464968152866,26.11464968152866,1.0461783439490446
volume_usd,50000-75000,29,4,25,0.13793103448275862,13.793103448275861,0.552565180824222
volume_usd,75000-100000,15,4,11,0.26666666666666666,26.666666666666668,1.0682926829268293
volume_usd,100000+,28,11,17,0.39285714285714285,39.285714285714285,1.5738240418118468
liquidity,0-5000,6,3,3,0.5,50.0,2.0030487804878048
liquidity,5000-10000,29,7,22,0.2413793103448276,24.137931034482758,0.9669890664423887
liquidity,10000-12500,335,81,254,0.2417910447761194,24.17910447761194,0.9686385147433564
liquidity,12500-15000,196,51,145,0.2602040816326531,26.02040816326531,1.04240293678447
liquidity,15000-20000,57,11,46,0.19298245614035087,19.298245614035086,0.7731065468549422
liquidity,20000+,34,11,23,0.3235294117647059,32.35294117647059,1.296090387374462
liq_to_mc,0-0.25,71,19,52,0.2676056338028169,26.76056338028169,1.072054276880797
liq_to_mc,0.25-0.4,26,10,16,0.38461538461538464,38.46153846153847,1.5408067542213886
liq_to_mc,0.4-0.55,21,7,14,0.3333333333333333,33.33333333333333,1.3353658536585367
liq_to_mc,0.55-0.7,107,26,81,0.24299065420560748,24.299065420560748,0.973444267152952
liq_to_mc,0.7-1,418,100,318,0.23923444976076555,23.923444976076556,0.958396545687945
liq_to_mc,1+,14,2,12,0.14285714285714285,14.285714285714285,0.5722996515679443
age_minutes,0-0.25,146,25,121,0.17123287671232876,17.123287671232877,0.6859756097560976
age_minutes,0.25-0.5,239,65,174,0.2719665271966527,27.19665271966527,1.0895244412695173
age_minutes,0.5-1,108,26,82,0.24074074074074073,24.074074074074073,0.9644308943089431
age_minutes,1-3,101,30,71,0.297029702970297,29.7029702970297,1.1899299686066167
age_minutes,3-10,33,8,25,0.24242424242424243,24.242424242424242,0.9711751662971176
age_minutes,10+,30,10,20,0.3333333333333333,33.33333333333333,1.3353658536585367
