feature,threshold,condition,tokens,survived,survival_rate,survival_rate_pct,lift_over_baseline,pct_point_gain
avg_buy_size_sol,2.313186813186813,avg_buy_size_sol >= 2.313,66,23,0.3484848484848485,34.84848484848485,1.3960643015521066,9.88653659886537
phishing_hold_percent,0.0,phishing_hold_percent <= 0,110,38,0.34545454545454546,34.54545454545455,1.3839246119733926,9.583506295835065
dev_hold_percent,3.4612903225806,dev_hold_percent >= 3.461,60,20,0.3333333333333333,33.33333333333333,1.3353658536585367,8.37138508371385
phishing_hold_percent,1.2571535463994,phishing_hold_percent <= 1.257,219,69,0.3150684931506849,31.506849315068493,1.2621951219512195,6.54490106544901
holders,151.0,holders >= 151,168,52,0.30952380952380953,30.952380952380953,1.2399825783972127,5.990432702761472
dev_hold_percent,0.07002938870454271,dev_hold_percent >= 0.07003,148,44,0.2972972972972973,29.72972972972973,1.1910019775873435,4.7677814801102505
holders,188.0,holders >= 188,68,20,0.29411764705882354,29.411764705882355,1.1782639885222383,4.449816456262873
age_minutes,0.9868590833333334,age_minutes >= 0.9869,165,48,0.2909090909090909,29.09090909090909,1.1654101995565411,4.128960841289608
avg_buy_size_sol,1.6923076923076923,avg_buy_size_sol >= 1.692,168,48,0.2857142857142857,28.57142857142857,1.1445993031358885,3.6094803218090887
liq_to_mc,0.6409416214408759,liq_to_mc <= 0.6409,165,47,0.28484848484848485,28.484848484848484,1.141130820399113,3.522900235229004
avg_buy_size_sol,1.2941176470588236,avg_buy_size_sol <= 1.294,166,47,0.28313253012048195,28.313253012048197,1.1342565383485161,3.351304762428714
market_cap,21979.961570732445,market_cap >= 2.198e+04,165,46,0.2787878787878788,27.878787878787882,1.1168514412416852,2.9168396291683996
age_minutes,0.2609339,age_minutes >= 0.2609,493,137,0.2778904665314402,27.789046653144016,1.1132563201899768,2.827098403524536
sniper_hold_percent,2.9530096506e-06,sniper_hold_percent >= 2.953e-06,306,84,0.27450980392156865,27.450980392156865,1.099713055954089,2.489032142537384
sniper_pct,2.9530096506e-06,sniper_pct >= 2.953e-06,306,84,0.27450980392156865,27.450980392156865,1.099713055954089,2.489032142537384
phishing_hold_percent,3.8806055265042,phishing_hold_percent <= 3.881,328,90,0.27439024390243905,27.439024390243905,1.099234086853064,2.4770761406244235
holders,118.0,holders >= 118,336,92,0.27380952380952384,27.380952380952383,1.0969076655052266,2.4190041313329025
buys,59.0,buys >= 59,165,45,0.2727272727272727,27.27272727272727,1.0925720620842572,2.3107790231077896
age_minutes,2.8665184799999985,age_minutes >= 2.867,66,18,0.2727272727272727,27.27272727272727,1.0925720620842572,2.3107790231077896
volume_usd,51442.379426312524,volume_usd >= 5.144e+04,66,18,0.2727272727272727,27.27272727272727,1.0925720620842572,2.3107790231077896
top10_percent,31.054112455078048,top10_percent >= 31.05,66,18,0.2727272727272727,27.27272727272727,1.0925720620842572,2.3107790231077896
top10_holder_pct,31.054112455078048,top10_holder_pct >= 31.05,66,18,0.2727272727272727,27.27272727272727,1.0925720620842572,2.3107790231077896
phishing_hold_percent,6.368649642827981,phishing_hold_percent <= 6.369,393,105,0.26717557251908397,26.717557251908396,1.0703314094209646,1.755609002288916
top10_percent,27.038516180547226,top10_percent <= 27.04,492,131,0.266260162601626,26.6260162601626,1.0666641879833432,1.6640680105431183
top10_holder_pct,27.038516180547226,top10_holder_pct <= 27.04,492,131,0.266260162601626,26.6260162601626,1.0666641879833432,1.6640680105431183
avg_buy_size_sol,1.4444444444444444,avg_buy_size_sol <= 1.444,331,88,0.26586102719033233,26.586102719033235,1.0650652125856608,1.6241544694137522
bundle_hold_percent,20.811657086390838,bundle_hold_percent >= 20.81,296,78,0.2635135135135135,26.351351351351347,1.0556608437705999,1.3894031017318675
bundle_pct,20.811657086390838,bundle_pct >= 20.81,296,78,0.2635135135135135,26.351351351351347,1.0556608437705999,1.3894031017318675
phishing_hold_percent,0.0,phishing_hold_percent >= 0,437,115,0.2631578947368421,26.31578947368421,1.0542362002567394,1.353841224064728
buy_volume_sol,59.0,buy_volume_sol >= 59,331,87,0.2628398791540785,26.283987915407852,1.052962198806278,1.3220396657883715
top10_percent,24.02367244357604,top10_percent <= 24.02,328,86,0.2621951219512195,26.21951219512195,1.0503792385484831,1.2575639455024712
top10_holder_pct,24.02367244357604,top10_holder_pct <= 24.02,328,86,0.2621951219512195,26.21951219512195,1.0503792385484831,1.2575639455024712
sniper_hold_percent,1.50379129959265,sniper_hold_percent >= 1.504,153,40,0.26143790849673204,26.143790849673206,1.0473457675753228,1.181842600053723
sniper_pct,1.50379129959265,sniper_pct >= 1.504,153,40,0.26143790849673204,26.143790849673206,1.0473457675753228,1.181842600053723
liquidity,12380.84521089564,liquidity >= 1.238e+04,329,86,0.2613981762917933,26.13981762917933,1.0471865964860256,1.1778693795598483
liquidity,13352.165707628788,liquidity >= 1.335e+04,165,43,0.2606060606060606,26.060606060606062,1.0440133037694015,1.0986578109865808
vol_to_mc,0.9712779063021656,vol_to_mc <= 0.9713,165,43,0.2606060606060606,26.060606060606062,1.0440133037694015,1.0986578109865808
buys,23.0,buys <= 23,177,46,0.2598870056497175,25.98870056497175,1.0411326994625878,1.0267523153522695
age_minutes,0.40726066666666666,age_minutes >= 0.4073,329,85,0.25835866261398177,25.835866261398177,1.0350100081547928,0.873918011778696
volume_usd,27317.35858295746,volume_usd >= 2.732e+04,329,85,0.25835866261398177,25.835866261398177,1.0350100081547928,0.873918011778696
sniper_hold_percent,6.7148505240076,sniper_hold_percent <= 6.715,550,142,0.2581818181818182,25.818181818181817,1.0343015521064303,0.8562335685623368
sniper_pct,6.7148505240076,sniper_pct <= 6.715,550,142,0.2581818181818182,25.818181818181817,1.0343015521064303,0.8562335685623368
market_cap,105177.2869575968,market_cap >= 1.052e+05,66,17,0.25757575757575757,25.757575757575758,1.0318736141906875,0.7956275079562758
liquidity,16185.604454994253,liquidity >= 1.619e+04,66,17,0.25757575757575757,25.757575757575758,1.0318736141906875,0.7956275079562758
bundle_hold_percent,11.3061253013834,bundle_hold_percent <= 11.31,148,38,0.25675675675675674,25.675675675675674,1.0285926170072512,0.7137274260561932
bundle_hold_percent,29.79002940963245,bundle_hold_percent >= 29.79,148,38,0.25675675675675674,25.675675675675674,1.0285926170072512,0.7137274260561932
bundle_pct,11.3061253013834,bundle_pct <= 11.31,148,38,0.25675675675675674,25.675675675675674,1.0285926170072512,0.7137274260561932
bundle_pct,29.79002940963245,bundle_pct >= 29.79,148,38,0.25675675675675674,25.675675675675674,1.0285926170072512,0.7137274260561932
bundle_hold_percent,40.8341510858733,bundle_hold_percent <= 40.83,532,136,0.2556390977443609,25.563909774436087,1.0241151659636898,0.6019615248166077
bundle_pct,40.8341510858733,bundle_pct <= 40.83,532,136,0.2556390977443609,25.563909774436087,1.0241151659636898,0.6019615248166077
volume_usd,36788.74573924905,volume_usd <= 3.679e+04,493,126,0.25557809330628806,25.557809330628807,1.0238707762331174,0.5958610810093246
vol_to_mc,1.987560462191311,vol_to_mc <= 1.988,493,126,0.25557809330628806,25.557809330628807,1.0238707762331174,0.5958610810093246
market_cap,17042.865886604985,market_cap >= 1.704e+04,329,84,0.2553191489361702,25.53191489361702,1.02283341982356,0.5699666439975382
vol_to_mc,1.4670103534620043,vol_to_mc >= 1.467,329,84,0.2553191489361702,25.53191489361702,1.02283341982356,0.5699666439975382
buy_volume_sol,117.0,buy_volume_sol <= 117,592,151,0.25506756756756754,25.506756756756754,1.021825560316414,0.5448085071372732
liquidity,11842.786416648787,liquidity <= 1.184e+04,165,42,0.2545454545454545,25.454545454545453,1.0197339246119734,0.4925972049259708
top10_percent,21.028589197685815,top10_percent >= 21.03,492,125,0.2540650406504065,25.406504065040654,1.0178093396787629,0.4445558154211715
top10_holder_pct,21.028589197685815,top10_holder_pct >= 21.03,492,125,0.2540650406504065,25.406504065040654,1.0178093396787629,0.4445558154211715
market_cap,15575.214374026693,market_cap >= 1.558e+04,493,125,0.2535496957403651,25.354969574036513,1.0157448176915846,0.3930213244170311
volume_usd,20619.53455324194,volume_usd >= 2.062e+04,493,125,0.2535496957403651,25.354969574036513,1.0157448176915846,0.3930213244170311
liq_to_mc,0.7729128859718665,liq_to_mc <= 0.7729,493,125,0.2535496957403651,25.354969574036513,1.0157448176915846,0.3930213244170311
buy_volume_sol,36.0,buy_volume_sol >= 36,497,126,0.2535211267605634,25.352112676056336,1.0156303675712814,0.39016442643685645
liq_to_mc,0.7402158080748834,liq_to_mc <= 0.7402,329,83,0.25227963525835867,25.227963525835868,1.0106568314923272,0.2660152762163859
liq_to_mc,0.7996215656601079,liq_to_mc <= 0.7996,591,149,0.2521150592216582,25.211505922165824,1.0099975238331065,0.2495576725463411
sniper_hold_percent,0.0,sniper_hold_percent >= 0,611,154,0.2520458265139116,25.20458265139116,1.009720170851463,0.24263440177167972
sniper_pct,0.0,sniper_pct >= 0,611,154,0.2520458265139116,25.20458265139116,1.009720170851463,0.24263440177167972
buy_volume_sol,84.0,buy_volume_sol <= 84,493,124,0.2515212981744422,25.15212981744422,1.007618859150052,0.1901815678247376
holders,93.0,holders >= 93,497,125,0.2515090543259557,25.15090543259557,1.0075698090984935,0.18895718297609054
dev_hold_percent,0.0,dev_hold_percent >= 0,590,148,0.25084745762711863,25.08474576271186,1.0049193881769327,0.12279751309238196
buys,78.39999999999998,buys <= 78.4,591,148,0.25042301184433163,25.042301184433164,1.0032190169617432,0.08035293481368222
vol_to_mc,2.6257917302501528,vol_to_mc <= 2.626,591,148,0.25042301184433163,25.042301184433164,1.0032190169617432,0.08035293481368222
buys,37.0,buys >= 37,336,84,0.25,25.0,1.0015243902439024,0.03805175038051889
liquidity,11842.786416648787,liquidity >= 1.184e+04,493,123,0.24949290060851928,24.94929006085193,0.9994929006085194,-0.012658188767553091
sniper_hold_percent,1.50379129959265,sniper_hold_percent <= 1.504,458,114,0.24890829694323144,24.890829694323145,0.9971509212908723,-0.07111855529633726
sniper_pct,1.50379129959265,sniper_pct <= 1.504,458,114,0.24890829694323144,24.890829694323145,0.9971509212908723,-0.07111855529633726
market_cap,105177.2869575968,market_cap <= 1.052e+05,591,147,0.24873096446700507,24.873096446700508,0.9964405100903801,-0.08885180291897388
liquidity,16185.604454994253,liquidity <= 1.619e+04,591,147,0.24873096446700507,24.873096446700508,0.9964405100903801,-0.08885180291897388
buys,23.0,buys >= 23,495,123,0.24848484848484848,24.848484848484848,0.9954545454545455,-0.1134634011346336
buys,37.0,buys <= 37,330,82,0.24848484848484848,24.848484848484848,0.9954545454545455,-0.1134634011346336
holders,93.0,holders <= 93,165,41,0.24848484848484848,24.848484848484848,0.9954545454545455,-0.1134634011346336
bundle_hold_percent,11.3061253013834,bundle_hold_percent >= 11.31,443,110,0.24830699774266365,24.830699774266364,0.9947420580300611,-0.13124847535311568
bundle_hold_percent,29.79002940963245,bundle_hold_percent <= 29.79,443,110,0.24830699774266365,24.830699774266364,0.9947420580300611,-0.13124847535311568
bundle_pct,11.3061253013834,bundle_pct >= 11.31,443,110,0.24830699774266365,24.830699774266364,0.9947420580300611,-0.13124847535311568
bundle_pct,29.79002940963245,bundle_pct <= 29.79,443,110,0.24830699774266365,24.830699774266364,0.9947420580300611,-0.13124847535311568
vol_to_mc,0.9712779063021656,vol_to_mc >= 0.9713,493,122,0.24746450304259635,24.746450304259636,0.9913669420669866,-0.21549794535984657
top10_percent,31.054112455078048,top10_percent <= 31.05,590,146,0.24745762711864408,24.74576271186441,0.9913393964448121,-0.2161855377550731
top10_holder_pct,31.054112455078048,top10_holder_pct <= 31.05,590,146,0.24745762711864408,24.74576271186441,0.9913393964448121,-0.2161855377550731
age_minutes,2.8665184799999985,age_minutes <= 2.867,591,146,0.2470389170896785,24.703891708967852,0.989662003219017,-0.25805654065163
volume_usd,51442.379426312524,volume_usd <= 5.144e+04,591,146,0.2470389170896785,24.703891708967852,0.989662003219017,-0.25805654065163
liq_to_mc,0.7402158080748834,liq_to_mc >= 0.7402,329,81,0.24620060790273557,24.620060790273556,0.9863036548298615,-0.34188745934592424
liquidity,13352.165707628788,liquidity <= 1.335e+04,493,121,0.24543610547667344,24.543610547667345,0.983240983525454,-0.41833770195213726
holders,188.0,holders <= 188,593,145,0.24451939291736932,24.45193929173693,0.9795685435775101,-0.510008957882549
market_cap,17042.865886604985,market_cap <= 1.704e+04,329,80,0.24316109422492402,24.316109422492403,0.9741270664986286,-0.6458388271270793
vol_to_mc,1.4670103534620043,vol_to_mc <= 1.467,329,80,0.24316109422492402,24.316109422492403,0.9741270664986286,-0.6458388271270793
market_cap,15575.214374026693,market_cap <= 1.558e+04,165,40,0.24242424242424243,24.242424242424242,0.9711751662971176,-0.719524007195238
buys,78.39999999999998,buys >= 78.4,66,16,0.24242424242424243,24.242424242424242,0.9711751662971176,-0.719524007195238
vol_to_mc,2.6257917302501528,vol_to_mc >= 2.626,66,16,0.24242424242424243,24.242424242424242,0.9711751662971176,-0.719524007195238
buys,59.0,buys <= 59,502,121,0.2410358565737052,24.10358565737052,0.9656131571275873,-0.8583625922489624
dev_hold_percent,3.4612903225806,dev_hold_percent <= 3.461,533,128,0.2401500938086304,24.015009380863038,0.9620647050748181,-0.9469388687564417
age_minutes,0.40726066666666666,age_minutes <= 0.4073,329,79,0.24012158054711247,24.012158054711247,0.9619504781673958,-0.9497901949082344
volume_usd,27317.35858295746,volume_usd <= 2.732e+04,329,79,0.24012158054711247,24.012158054711247,0.9619504781673958,-0.9497901949082344
market_cap,21979.961570732445,market_cap <= 2.198e+04,493,118,0.23935091277890466,23.935091277890468,0.9588631079008559,-1.026856971729015
liq_to_mc,0.6409416214408759,liq_to_mc >= 0.6409,493,118,0.23935091277890466,23.935091277890468,0.9588631079008559,-1.026856971729015
buy_volume_sol,59.0,buy_volume_sol <= 59,331,79,0.23867069486404835,23.867069486404834,0.9561380885712182,-1.0948787632146462
avg_buy_size_sol,2.313186813186813,avg_buy_size_sol <= 2.313,591,141,0.23857868020304568,23.85786802030457,0.9557694688622014,-1.1040802293149132
top10_percent,24.02367244357604,top10_percent >= 24.02,328,78,0.23780487804878048,23.78048780487805,0.9526695419393219,-1.1814604447414334
top10_holder_pct,24.02367244357604,top10_holder_pct >= 24.02,328,78,0.23780487804878048,23.78048780487805,0.9526695419393219,-1.1814604447414334
top10_percent,21.028589197685815,top10_percent <= 21.03,164,39,0.23780487804878048,23.78048780487805,0.9526695419393219,-1.1814604447414334
top10_holder_pct,21.028589197685815,top10_holder_pct <= 21.03,164,39,0.23780487804878048,23.78048780487805,0.9526695419393219,-1.1814604447414334
avg_buy_size_sol,1.2941176470588236,avg_buy_size_sol >= 1.294,493,117,0.23732251521298176,23.732251521298174,0.9507371493593233,-1.2296967283213056
liquidity,12380.84521089564,liquidity <= 1.238e+04,329,78,0.23708206686930092,23.70820668693009,0.9497738898361628,-1.2537415626893895
buy_volume_sol,36.0,buy_volume_sol <= 36,169,40,0.23668639053254437,23.668639053254438,0.9481887718285467,-1.2933091963650445
bundle_hold_percent,20.811657086390838,bundle_hold_percent <= 20.81,296,70,0.23648648648648649,23.64864864864865,0.9473879367172051,-1.3132996009708324
bundle_pct,20.811657086390838,bundle_pct <= 20.81,296,70,0.23648648648648649,23.64864864864865,0.9473879367172051,-1.3132996009708324
volume_usd,20619.53455324194,volume_usd <= 2.062e+04,165,39,0.23636363636363636,23.636363636363637,0.9468957871396896,-1.3255846132558453
liq_to_mc,0.7729128859718665,liq_to_mc >= 0.7729,165,39,0.23636363636363636,23.636363636363637,0.9468957871396896,-1.3255846132558453
age_minutes,0.9868590833333334,age_minutes <= 0.9869,493,116,0.23529411764705882,23.52941176470588,0.9426111908177905,-1.432536484913599
dev_hold_percent,0.07002938870454271,dev_hold_percent <= 0.07003,442,104,0.23529411764705882,23.52941176470588,0.9426111908177905,-1.432536484913599
avg_buy_size_sol,1.6923076923076923,avg_buy_size_sol <= 1.692,494,116,0.23481781376518218,23.481781376518217,0.9407030709983214,-1.480166873101263
buy_volume_sol,84.0,buy_volume_sol >= 84,171,40,0.23391812865497075,23.391812865497073,0.9370988446726572,-1.5701353841224064
avg_buy_size_sol,1.4444444444444444,avg_buy_size_sol >= 1.444,331,77,0.2326283987915408,23.26283987915408,0.9319320610124531,-1.699108370465402
volume_usd,36788.74573924905,volume_usd >= 3.679e+04,165,38,0.23030303030303031,23.03030303030303,0.9226164079822617,-1.9316452193164495
vol_to_mc,1.987560462191311,vol_to_mc >= 1.988,165,38,0.23030303030303031,23.03030303030303,0.9226164079822617,-1.9316452193164495
holders,118.0,holders <= 118,332,76,0.2289156626506024,22.89156626506024,0.9170584778136938,-2.0703819845592415
sniper_hold_percent,2.9530096506e-06,sniper_hold_percent <= 2.953e-06,306,70,0.22875816993464052,22.875816993464053,0.9164275466284075,-2.0861312561554297
sniper_pct,2.9530096506e-06,sniper_pct <= 2.953e-06,306,70,0.22875816993464052,22.875816993464053,0.9164275466284075,-2.0861312561554297
dev_hold_percent,0.0,dev_hold_percent <= 0,412,94,0.22815533980582525,22.815533980582526,0.9140125503196781,-2.146414269036956
holders,151.0,holders <= 151,496,113,0.22782258064516128,22.782258064516128,0.9126794846577498,-2.179690185103353
sniper_hold_percent,0.0,sniper_hold_percent <= 0,286,65,0.22727272727272727,22.727272727272727,0.9104767184035477,-2.2346755223467545
sniper_pct,0.0,sniper_pct <= 0,286,65,0.22727272727272727,22.727272727272727,0.9104767184035477,-2.2346755223467545
phishing_hold_percent,3.8806055265042,phishing_hold_percent >= 3.881,110,25,0.22727272727272727,22.727272727272727,0.9104767184035477,-2.2346755223467545
liq_to_mc,0.7996215656601079,liq_to_mc >= 0.7996,66,15,0.22727272727272727,22.727272727272727,0.9104767184035477,-2.2346755223467545
phishing_hold_percent,6.368649642827981,phishing_hold_percent >= 6.369,44,10,0.22727272727272727,22.727272727272727,0.9104767184035477,-2.2346755223467545
phishing_hold_percent,1.2571535463994,phishing_hold_percent >= 1.257,219,46,0.2100456621004566,21.00456621004566,0.8414634146341463,-3.95738203957382
top10_percent,27.038516180547226,top10_percent >= 27.04,164,33,0.20121951219512196,20.121951219512198,0.8061049970255801,-4.839997030107285
top10_holder_pct,27.038516180547226,top10_holder_pct >= 27.04,164,33,0.20121951219512196,20.121951219512198,0.8061049970255801,-4.839997030107285
bundle_hold_percent,40.8341510858733,bundle_hold_percent >= 40.83,60,12,0.2,20.0,0.801219512195122,-4.96194824961948
bundle_pct,40.8341510858733,bundle_pct >= 40.83,60,12,0.2,20.0,0.801219512195122,-4.96194824961948
sniper_hold_percent,6.7148505240076,sniper_hold_percent >= 6.715,62,12,0.1935483870967742,19.35483870967742,0.7753737214791503,-5.607109539942062
sniper_pct,6.7148505240076,sniper_pct >= 6.715,62,12,0.1935483870967742,19.35483870967742,0.7753737214791503,-5.607109539942062
buy_volume_sol,117.0,buy_volume_sol >= 117,68,13,0.19117647058823528,19.11764705882353,0.7658715925394548,-5.844301190795953
age_minutes,0.2609339,age_minutes <= 0.2609,165,27,0.16363636363636364,16.363636363636363,0.6555432372505544,-8.598311885983117
